#
# There is insufficient memory for the Java Runtime Environment to continue.
# Native memory allocation (mmap) failed to map 65536 bytes. Error detail: Failed to commit metaspace.
# Possible reasons:
#   The system is out of physical RAM or swap space
#   This process is running with CompressedOops enabled, and the Java Heap may be blocking the growth of the native heap
# Possible solutions:
#   Reduce memory load on the system
#   Increase physical memory or swap space
#   Check if swap backing store is full
#   Decrease Java heap size (-Xmx/-Xms)
#   Decrease number of Java threads
#   Decrease Java thread stack sizes (-Xss)
#   Set larger code cache with -XX:ReservedCodeCacheSize=
#   JVM is running with Unscaled Compressed Oops mode in which the Java heap is
#     placed in the first 4GB address space. The Java Heap base address is the
#     maximum limit for the native heap growth. Please use -XX:HeapBaseMinAddress
#     to set the Java Heap base and to place the Java Heap above 4GB virtual address.
# This output file may be truncated or incomplete.
#
#  Out of Memory Error (virtualSpaceNode.cpp:113), pid=21004, tid=13108
#
# JRE version: OpenJDK Runtime Environment Temurin-21.0.9+10 (21.0.9+10) (build 21.0.9+10-LTS)
# Java VM: OpenJDK 64-Bit Server VM Temurin-21.0.9+10 (21.0.9+10-LTS, mixed mode, emulated-client, sharing, tiered, compressed oops, compressed class ptrs, g1 gc, windows-amd64)
# No core dump will be written. Minidumps are not enabled by default on client versions of Windows
#

---------------  S U M M A R Y ------------

Command Line: -Dcom.sun.management.jmxremote -Dcom.sun.management.jmxremote.port=50839 -Dcom.sun.management.jmxremote.authenticate=false -Dcom.sun.management.jmxremote.ssl=false -Djava.rmi.server.hostname=localhost -Dspring.jmx.enabled=true -Dmanagement.endpoints.jmx.exposure.include=* -Dspring.application.admin.enabled=true -Dspring.output.ansi.enabled=always -XX:TieredStopAtLevel=1 -Dspring.boot.project.name=opportunity-service -Dfile.encoding=UTF-8 -Dstdout.encoding=UTF-8 -Dstderr.encoding=UTF-8 -XX:+ShowCodeDetailsInExceptionMessages com.example.opportunityservice.OpportunityServiceApplication

Host: 11th Gen Intel(R) Core(TM) i5-1135G7 @ 2.40GHz, 8 cores, 7G,  Windows 11 , 64 bit Build 26100 (10.0.26100.8972)
Time: Wed Aug 19 14:49:53 2026 India Standard Time elapsed time: 1.126877 seconds (0d 0h 0m 1s)

---------------  T H R E A D  ---------------

Current thread (0x00000295134c1420):  JavaThread "main"             [_thread_in_vm, id=13108, stack(0x000000d6eb000000,0x000000d6eb100000) (1024K)]

Stack: [0x000000d6eb000000,0x000000d6eb100000]
Native frames: (J=compiled Java code, j=interpreted, Vv=VM code, C=native code)
V  [jvm.dll+0x6d6e29]
V  [jvm.dll+0x8b4b76]
V  [jvm.dll+0x8b712e]
V  [jvm.dll+0x8b7813]
V  [jvm.dll+0x283d86]
V  [jvm.dll+0x8b08be]
V  [jvm.dll+0x678824]
V  [jvm.dll+0x1e80ab]
V  [jvm.dll+0x1e7e6e]
V  [jvm.dll+0x67b122]
V  [jvm.dll+0x67af52]
V  [jvm.dll+0x6791fe]
V  [jvm.dll+0x26f054]
V  [jvm.dll+0x219d5f]
V  [jvm.dll+0x20f44e]
V  [jvm.dll+0x5b5a0f]
V  [jvm.dll+0x82dee6]
V  [jvm.dll+0x478438]
V  [jvm.dll+0x47e268]
C  [java.dll+0x17ec]

Java frames: (J=compiled Java code, j=interpreted, Vv=VM code)
J 1307  java.lang.ClassLoader.defineClass1(Ljava/lang/ClassLoader;Ljava/lang/String;[BIILjava/security/ProtectionDomain;Ljava/lang/String;)Ljava/lang/Class; java.base@21.0.9 (0 bytes) @ 0x0000029517304111 [0x0000029517304040+0x00000000000000d1]
J 1693 c1 java.lang.ClassLoader.defineClass(Ljava/lang/String;[BIILjava/security/ProtectionDomain;)Ljava/lang/Class; java.base@21.0.9 (43 bytes) @ 0x00000295173acbfc [0x00000295173acae0+0x000000000000011c]
J 1700 c1 jdk.internal.loader.BuiltinClassLoader.defineClass(Ljava/lang/String;Ljdk/internal/loader/Resource;)Ljava/lang/Class; java.base@21.0.9 (121 bytes) @ 0x00000295173b1b14 [0x00000295173b15c0+0x0000000000000554]
J 1699 c1 jdk.internal.loader.BuiltinClassLoader.findClassOnClassPathOrNull(Ljava/lang/String;)Ljava/lang/Class; java.base@21.0.9 (64 bytes) @ 0x00000295173afcac [0x00000295173af9e0+0x00000000000002cc]
J 1232 c1 jdk.internal.loader.BuiltinClassLoader.loadClassOrNull(Ljava/lang/String;Z)Ljava/lang/Class; java.base@21.0.9 (143 bytes) @ 0x00000295172e727c [0x00000295172e6e80+0x00000000000003fc]
J 1390 c1 jdk.internal.loader.ClassLoaders$AppClassLoader.loadClass(Ljava/lang/String;Z)Ljava/lang/Class; java.base@21.0.9 (40 bytes) @ 0x000002951732960c [0x00000295173295c0+0x000000000000004c]
J 1387 c1 java.lang.ClassLoader.loadClass(Ljava/lang/String;)Ljava/lang/Class; java.base@21.0.9 (7 bytes) @ 0x0000029517328614 [0x00000295173285c0+0x0000000000000054]
v  ~StubRoutines::call_stub 0x0000029516e510e7
j  org.springframework.context.annotation.ConfigurationClassUtils.<clinit>()V+4
v  ~StubRoutines::call_stub 0x0000029516e510e7
j  org.springframework.context.annotation.AnnotatedBeanDefinitionReader.doRegisterBean(Ljava/lang/Class;Ljava/lang/String;[Ljava/lang/Class;Ljava/util/function/Supplier;[Lorg/springframework/beans/factory/config/BeanDefinitionCustomizer;)V+28
j  org.springframework.context.annotation.AnnotatedBeanDefinitionReader.registerBean(Ljava/lang/Class;)V+6
j  org.springframework.context.annotation.AnnotatedBeanDefinitionReader.register([Ljava/lang/Class;)V+23
j  org.springframework.boot.BeanDefinitionLoader.load(Ljava/lang/Class;)V+63
j  org.springframework.boot.BeanDefinitionLoader.load(Ljava/lang/Object;)V+20
j  org.springframework.boot.BeanDefinitionLoader.load()V+23
j  org.springframework.boot.SpringApplication.load(Lorg/springframework/context/ApplicationContext;[Ljava/lang/Object;)V+85
j  org.springframework.boot.SpringApplication.prepareContext(Lorg/springframework/boot/DefaultBootstrapContext;Lorg/springframework/context/ConfigurableApplicationContext;Lorg/springframework/core/env/ConfigurableEnvironment;Lorg/springframework/boot/SpringApplicationRunListeners;Lorg/springframework/boot/ApplicationArguments;Lorg/springframework/boot/Banner;)V+269
j  org.springframework.boot.SpringApplication.run([Ljava/lang/String;)Lorg/springframework/context/ConfigurableApplicationContext;+107
j  org.springframework.boot.SpringApplication.run([Ljava/lang/Class;[Ljava/lang/String;)Lorg/springframework/context/ConfigurableApplicationContext;+9
j  org.springframework.boot.SpringApplication.run(Ljava/lang/Class;[Ljava/lang/String;)Lorg/springframework/context/ConfigurableApplicationContext;+9
j  com.example.opportunityservice.OpportunityServiceApplication.main([Ljava/lang/String;)V+3
v  ~StubRoutines::call_stub 0x0000029516e510e7

Compiled method (n/a) 1145 1307     n 0       java.lang.ClassLoader::defineClass1 (native)
 total in heap  [0x0000029517303e90,0x0000029517304528] = 1688
 relocation     [0x0000029517303ff0,0x0000029517304028] = 56
 main code      [0x0000029517304040,0x0000029517304527] = 1255
 stub code      [0x0000029517304527,0x0000029517304528] = 1

[Constant Pool (empty)]

[MachCode]
[Entry Point]
  # {method} {0x0000029520436820} 'defineClass1' '(Ljava/lang/ClassLoader;Ljava/lang/String;[BIILjava/security/ProtectionDomain;Ljava/lang/String;)Ljava/lang/Class;' in 'java/lang/ClassLoader'
  # parm0:    rdx:rdx   = 'java/lang/ClassLoader'
  # parm1:    r8:r8     = 'java/lang/String'
  # parm2:    r9:r9     = '[B'
  # parm3:    rdi       = int
  # parm4:    rsi       = int
  # parm5:    rcx:rcx   = 'java/security/ProtectionDomain'
  # parm6:    [sp+0xa0]   = 'java/lang/String'  (sp of caller)
  0x0000029517304040: 448b 5208 | 49bb 0000 | 0020 9502 | 0000 4d03 | d349 3bc2 | 0f84 0600 

  0x0000029517304058: ;   {runtime_call ic_miss_stub}
  0x0000029517304058: 0000 e921 | a9b9 ff90 
[Verified Entry Point]
  0x0000029517304060: 8984 2400 | 80ff ff55 | 488b ec48 | 81ec 9000 | 0000 6690 | 4181 7f20 | 0100 0000 

  0x000002951730407c: ;   {runtime_call StubRoutines (final stubs)}
  0x000002951730407c: 7405 e81d | 42b8 ff48 | 837d 1000 | 488d 4510 | 480f 4445 | 1048 8944 | 2440 4889 | 4c24 7048 
  0x000002951730409c: 83f9 0048 | 8d44 2470 | 480f 4444 | 2470 4889 | 4424 3848 | 8974 2430 | 4889 7c24 | 284c 894c 
  0x00000295173040bc: 2458 4983 | f900 488d | 4424 5848 | 0f44 4424 | 5848 8944 | 2420 4c89 | 4424 5049 | 83f8 004c 
  0x00000295173040dc: 8d4c 2450 | 4c0f 444c | 2450 4889 | 5424 4848 | 83fa 004c | 8d44 2448 | 4c0f 4444 

  0x00000295173040f8: ;   {oop(a 'java/lang/Class'{0x00000000852a33b0} = 'java/lang/ClassLoader')}
  0x00000295173040f8: 2448 49be | b033 2a85 | 0000 0000 | 4c89 7424 | 784c 8d74 | 2478 498b | d6c5 f877 

  0x0000029517304114: ;   {internal_word}
  0x0000029517304114: 49ba 1141 | 3017 9502 | 0000 4d89 | 97a0 0300 | 0049 89a7 | 9803 0000 

  0x000002951730412c: ;   {external_word}
  0x000002951730412c: 49ba cf4d | 954a f87f | 0000 4180 | 3a00 0f84 | 4e00 0000 | 5241 5041 

  0x0000029517304144: ;   {metadata({method} {0x0000029520436820} 'defineClass1' '(Ljava/lang/ClassLoader;Ljava/lang/String;[BIILjava/security/ProtectionDomain;Ljava/lang/String;)Ljava/lang/Class;' in 'java/lang/ClassLoader')}
  0x0000029517304144: 5148 ba18 | 6843 2095 | 0200 0049 | 8bcf 4883 | ec20 40f6 | c40f 0f84 | 1900 0000 | 4883 ec08 
  0x0000029517304164: ;   {runtime_call}
  0x0000029517304164: 48b8 40d5 | 3e4a f87f | 0000 ffd0 | 4883 c408 | e90c 0000 

  0x0000029517304178: ;   {runtime_call}
  0x0000029517304178: 0048 b840 | d53e 4af8 | 7f00 00ff | d048 83c4 | 2041 5941 | 585a 498d | 8fb8 0300 | 0041 c787 
  0x0000029517304198: 4404 0000 | 0400 0000 

  0x00000295173041a0: ;   {runtime_call}
  0x00000295173041a0: 48b8 ac16 | 4ce0 f87f | 0000 ffd0 | c5f8 7741 | c787 4404 | 0000 0500 | 0000 f083 | 4424 c000 
  0x00000295173041c0: 493b af48 | 0400 000f | 870e 0000 | 0041 83bf | 4004 0000 | 000f 842b | 0000 00c5 | f877 4889 
  0x00000295173041e0: 45f8 498b | cf4c 8be4 | 4883 ec20 | 4883 e4f0 

  0x00000295173041f0: ;   {runtime_call}
  0x00000295173041f0: 48b8 e04b | 0a4a f87f | 0000 ffd0 | 498b e44d | 33e4 488b | 45f8 41c7 | 8744 0400 | 0008 0000 
  0x0000029517304210: 0041 83bf | c004 0000 | 020f 84db 

  0x000002951730421c: ;   {external_word}
  0x000002951730421c: 0200 0049 | bacf 4d95 | 4af8 7f00 | 0041 803a | 000f 844c | 0000 0048 

  0x0000029517304234: ;   {metadata({method} {0x0000029520436820} 'defineClass1' '(Ljava/lang/ClassLoader;Ljava/lang/String;[BIILjava/security/ProtectionDomain;Ljava/lang/String;)Ljava/lang/Class;' in 'java/lang/ClassLoader')}
  0x0000029517304234: 8945 f848 | ba18 6843 | 2095 0200 | 0049 8bcf | 4883 ec20 | 40f6 c40f | 0f84 1900 | 0000 4883 
  0x0000029517304254: ;   {runtime_call}
  0x0000029517304254: ec08 48b8 | 40d5 3e4a | f87f 0000 | ffd0 4883 | c408 e90c 

  0x0000029517304268: ;   {runtime_call}
  0x0000029517304268: 0000 0048 | b840 d53e | 4af8 7f00 | 00ff d048 | 83c4 2048 | 8b45 f849 | c787 9803 | 0000 0000 
  0x0000029517304288: 0000 49c7 | 87a0 0300 | 0000 0000 | 00c5 f877 | 4885 c00f | 8436 0200 | 00a8 030f | 8508 0000 
  0x00000295173042a8: 0048 8b00 | e926 0200 | 00a8 010f | 8509 0000 | 0048 8b40 | fee9 1502 | 0000 488b | 40ff 4180 
  0x00000295173042c8: 7f40 000f | 8406 0200 | 0048 83f8 | 000f 84fc | 0100 0049 | 8b4f 2848 | 83f9 000f | 8414 0000 
  0x00000295173042e8: 0048 83e9 | 0849 894f | 2849 034f | 3848 8901 | e9da 0100 | 0048 81ec | f000 0000 | 4889 0424 
  0x0000029517304308: 4889 4c24 | 0848 8954 | 2410 4c89 | 4424 184c | 894c 2420 | 4c89 5424 | 284c 895c | 2430 c5fb 
  0x0000029517304328: 1144 2440 | c5fb 114c | 2448 c5fb | 1154 2450 | c5fb 115c | 2458 c5fb | 1164 2460 | c5fb 116c 
  0x0000029517304348: 2468 62e1 | ff08 1144 | 240e 62e1 | ff08 114c | 240f 62e1 | ff08 1154 | 2410 62e1 | ff08 115c 
  0x0000029517304368: ;   {no_reloc}
  0x0000029517304368: 2411 62e1 | ff08 1164 | 2412 62e1 | ff08 116c | 2413 62e1 | ff08 1174 | 2414 62e1 | ff08 117c 
  0x0000029517304388: 2415 6261 | ff08 1144 | 2416 6261 | ff08 114c | 2417 6261 | ff08 1154 | 2418 6261 | ff08 115c 
  0x00000295173043a8: 2419 6261 | ff08 1164 | 241a 6261 | ff08 116c | 241b 6261 | ff08 1174 | 241c 6261 | ff08 117c 
  0x00000295173043c8: 241d 498b | d748 8bc8 | 4883 ec20 | 40f6 c40f | 0f84 1900 | 0000 4883 

  0x00000295173043e0: ;   {runtime_call}
  0x00000295173043e0: ec08 48b8 | 209b fd49 | f87f 0000 | ffd0 4883 | c408 e90c 

  0x00000295173043f4: ;   {runtime_call}
  0x00000295173043f4: 0000 0048 | b820 9bfd | 49f8 7f00 | 00ff d048 | 83c4 2062 | 61ff 0810 | 7c24 1d62 | 61ff 0810 
  0x0000029517304414: 7424 1c62 | 61ff 0810 | 6c24 1b62 | 61ff 0810 | 6424 1a62 | 61ff 0810 | 5c24 1962 | 61ff 0810 
  0x0000029517304434: 5424 1862 | 61ff 0810 | 4c24 1762 | 61ff 0810 | 4424 1662 | e1ff 0810 | 7c24 1562 | e1ff 0810 
  0x0000029517304454: 7424 1462 | e1ff 0810 | 6c24 1362 | e1ff 0810 | 6424 1262 | e1ff 0810 | 5c24 1162 | e1ff 0810 
  0x0000029517304474: 5424 1062 | e1ff 0810 | 4c24 0f62 | e1ff 0810 | 4424 0ec5 | fb10 6c24 | 68c5 fb10 | 6424 60c5 
  0x0000029517304494: fb10 5c24 | 58c5 fb10 | 5424 50c5 | fb10 4c24 | 48c5 fb10 | 4424 404c | 8b5c 2430 | 4c8b 5424 
  0x00000295173044b4: 284c 8b4c | 2420 4c8b | 4424 1848 | 8b54 2410 | 488b 4c24 | 0848 8b04 | 2448 81c4 | f000 0000 
  0x00000295173044d4: c5f8 7749 | 8b8f 2804 | 0000 c781 | 0001 0000 | 0000 0000 | c949 837f | 0800 0f85 | 0100 0000 
  0x00000295173044f4: ;   {runtime_call StubRoutines (initial stubs)}
  0x00000295173044f4: c3e9 06ca | b4ff c5f8 | 7748 8945 | f84c 8be4 | 4883 ec20 | 4883 e4f0 

  0x000002951730450c: ;   {runtime_call}
  0x000002951730450c: 48b8 900c | 3f4a f87f | 0000 ffd0 | 498b e44d | 33e4 488b | 45f8 e9f8 | fcff fff4 
[/MachCode]


Compiled method (c1) 1153 1693       1       java.lang.ClassLoader::defineClass (43 bytes)
 total in heap  [0x00000295173ac910,0x00000295173aced0] = 1472
 relocation     [0x00000295173aca70,0x00000295173acae0] = 112
 main code      [0x00000295173acae0,0x00000295173acca0] = 448
 stub code      [0x00000295173acca0,0x00000295173acd18] = 120
 metadata       [0x00000295173acd18,0x00000295173acd48] = 48
 scopes data    [0x00000295173acd48,0x00000295173ace00] = 184
 scopes pcs     [0x00000295173ace00,0x00000295173acea0] = 160
 dependencies   [0x00000295173acea0,0x00000295173acea8] = 8
 nul chk table  [0x00000295173acea8,0x00000295173aced0] = 40

[Constant Pool (empty)]

[MachCode]
[Entry Point]
  # {method} {0x0000029520436ba0} 'defineClass' '(Ljava/lang/String;[BIILjava/security/ProtectionDomain;)Ljava/lang/Class;' in 'java/lang/ClassLoader'
  # this:     rdx:rdx   = 'java/lang/ClassLoader'
  # parm0:    r8:r8     = 'java/lang/String'
  # parm1:    r9:r9     = '[B'
  # parm2:    rdi       = int
  # parm3:    rsi       = int
  # parm4:    rcx:rcx   = 'java/security/ProtectionDomain'
  #           [sp+0xc0]  (sp of caller)
  0x00000295173acae0: 448b 5208 | 49bb 0000 | 0020 9502 | 0000 4d03 | d34c 3bd0 

  0x00000295173acaf4: ;   {runtime_call ic_miss_stub}
  0x00000295173acaf4: 0f85 861e | afff 660f | 1f44 0000 
[Verified Entry Point]
  0x00000295173acb00: 8984 2400 | 80ff ff55 | 4881 ecb0 | 0000 0090 | 4181 7f20 | 0100 0000 

  0x00000295173acb18: ;   {runtime_call StubRoutines (final stubs)}
  0x00000295173acb18: 7405 e881 | b7ad ff48 | 8954 2478 | 89b4 2494 | 0000 0089 | bc24 9000 | 0000 4c89 | 8c24 8800 
  0x00000295173acb38: 0000 498b | d84c 8bc3 | 4c8b c948 | 8bca 488b | d148 899c | 2480 0000 | 0066 0f1f 

  0x00000295173acb54: ;   {optimized virtual_call}
  0x00000295173acb54: 4400 00e8 

  0x00000295173acb58: ; ImmutableOopMap {[120]=Oop [128]=Oop [136]=Oop }
                      ;*invokevirtual preDefineClass {reexecute=0 rethrow=0 return_oop=0}
                      ; - java.lang.ClassLoader::defineClass@4 (line 1025)
  0x00000295173acb58: e420 0000 

  0x00000295173acb5c: ;   {other}
  0x00000295173acb5c: 0f1f 8400 | 4c02 0000 | 4889 8424 | 9800 0000 

  0x00000295173acb6c: ; implicit exception: dispatches to 0x00000295173acc4a
  0x00000295173acb6c: 448b 4010 | 4d85 c00f | 850f 0000 

  0x00000295173acb78: ;   {oop(nullptr)}
  0x00000295173acb78: 0048 bb00 | 0000 0000 | 0000 00e9 | 3f00 0000 

  0x00000295173acb88: ; implicit exception: dispatches to 0x00000295173acc4f
  0x00000295173acb88: 458b 400c | 4d85 c00f | 850f 0000 

  0x00000295173acb94: ;   {oop(nullptr)}
  0x00000295173acb94: 0048 bb00 | 0000 0000 | 0000 00e9 | 2300 0000 

  0x00000295173acba4: ; implicit exception: dispatches to 0x00000295173acc54
  0x00000295173acba4: 418b 5038 

  0x00000295173acba8: ; implicit exception: dispatches to 0x00000295173acc59
  0x00000295173acba8: 483b 020f 

  0x00000295173acbac: ;   {optimized virtual_call}
  0x00000295173acbac: 1f40 00e8 

  0x00000295173acbb0: ; ImmutableOopMap {[120]=Oop [128]=Oop [136]=Oop [152]=Oop }
                      ;*invokevirtual toExternalForm {reexecute=0 rethrow=0 return_oop=0}
                      ; - java.net.URL::toExternalForm@5 (line 1203)
                      ; - java.net.URL::toString@1 (line 1189)
                      ; - java.lang.ClassLoader::defineClassSourceLocation@22 (line 927)
                      ; - java.lang.ClassLoader::defineClass@12 (line 1026)
  0x00000295173acbb0: cc3f f6ff 

  0x00000295173acbb4: ;   {other}
  0x00000295173acbb4: 0f1f 8400 | a402 0001 | 488b d848 | 8b84 2498 | 0000 008b | b424 9400 | 0000 8bbc | 2490 0000 
  0x00000295173acbd4: 004c 8b8c | 2488 0000 | 004c 8b84 | 2480 0000 | 0048 8b54 | 2478 4c8b | da49 8bd3 | 488b c848 
  0x00000295173acbf4: ;   {static_call}
  0x00000295173acbf4: 891c 24e8 

  0x00000295173acbf8: ; ImmutableOopMap {[120]=Oop [152]=Oop }
                      ;*invokestatic defineClass1 {reexecute=0 rethrow=0 return_oop=0}
                      ; - java.lang.ClassLoader::defineClass@27 (line 1027)
  0x00000295173acbf8: 6474 f5ff 

  0x00000295173acbfc: ;   {other}
  0x00000295173acbfc: 0f1f 8400 | ec02 0002 | 4c8b c04c | 8b8c 2498 | 0000 0048 | 8b54 2478 | 4889 8424 | a000 0000 
  0x00000295173acc1c: ;   {optimized virtual_call}
  0x00000295173acc1c: 6666 90e8 

  0x00000295173acc20: ; ImmutableOopMap {[160]=Oop }
                      ;*invokevirtual postDefineClass {reexecute=0 rethrow=0 return_oop=0}
                      ; - java.lang.ClassLoader::defineClass@37 (line 1028)
  0x00000295173acc20: dc08 0000 

  0x00000295173acc24: ;   {other}
  0x00000295173acc24: 0f1f 8400 | 1403 0003 | 488b 8424 | a000 0000 | 4881 c4b0 | 0000 005d 

  0x00000295173acc3c: ;   {poll_return}
  0x00000295173acc3c: 493b a748 | 0400 000f | 8715 0000 

  0x00000295173acc48: ;   {runtime_call throw_null_pointer_exception Runtime1 stub}
  0x00000295173acc48: 00c3 e851 

  0x00000295173acc4c: ; ImmutableOopMap {rax=Oop [120]=Oop [128]=Oop [136]=Oop [152]=Oop }
                      ;*invokevirtual getCodeSource {reexecute=0 rethrow=0 return_oop=0}
                      ; - java.lang.ClassLoader::defineClassSourceLocation@1 (line 924)
                      ; - java.lang.ClassLoader::defineClass@12 (line 1026)
                      ;   {runtime_call throw_null_pointer_exception Runtime1 stub}
  0x00000295173acc4c: b0ba ffe8 

  0x00000295173acc50: ; ImmutableOopMap {rax=Oop [120]=Oop [128]=Oop [136]=Oop [152]=Oop }
                      ;*invokevirtual getLocation {reexecute=0 rethrow=0 return_oop=0}
                      ; - java.lang.ClassLoader::defineClassSourceLocation@12 (line 926)
                      ; - java.lang.ClassLoader::defineClass@12 (line 1026)
  0x00000295173acc50: 4cb0 baff 

  0x00000295173acc54: ;   {runtime_call throw_null_pointer_exception Runtime1 stub}
  0x00000295173acc54: e847 b0ba 

  0x00000295173acc58: ; ImmutableOopMap {r8=Oop [120]=Oop [128]=Oop [136]=Oop [152]=Oop }
                      ;*invokevirtual toString {reexecute=0 rethrow=0 return_oop=0}
                      ; - java.lang.ClassLoader::defineClassSourceLocation@22 (line 927)
                      ; - java.lang.ClassLoader::defineClass@12 (line 1026)
                      ;   {runtime_call throw_null_pointer_exception Runtime1 stub}
  0x00000295173acc58: ffe8 42b0 

  0x00000295173acc5c: ; ImmutableOopMap {r8=Oop rdx=Oop [120]=Oop [128]=Oop [136]=Oop [152]=Oop }
                      ;*invokevirtual toExternalForm {reexecute=0 rethrow=0 return_oop=0}
                      ; - java.net.URL::toExternalForm@5 (line 1203)
                      ; - java.net.URL::toString@1 (line 1189)
                      ; - java.lang.ClassLoader::defineClassSourceLocation@22 (line 927)
                      ; - java.lang.ClassLoader::defineClass@12 (line 1026)
                      ;   {internal_word}
  0x00000295173acc5c: baff 49ba | 3ccc 3a17 | 9502 0000 | 4d89 9760 

  0x00000295173acc6c: ;   {runtime_call SafepointBlob}
  0x00000295173acc6c: 0400 00e9 | 0c9d afff | 498b 87f8 | 0400 0049 | c787 f804 | 0000 0000 | 0000 49c7 | 8700 0500 
  0x00000295173acc8c: 0000 0000 | 0048 81c4 | b000 0000 

  0x00000295173acc98: ;   {runtime_call unwind_exception Runtime1 stub}
  0x00000295173acc98: 5de9 e291 | baff f4f4 
[Stub Code]
  0x00000295173acca0: ;   {no_reloc}
  0x00000295173acca0: 0f1f 4400 

  0x00000295173acca4: ;   {static_stub}
  0x00000295173acca4: 0048 bb00 | 0000 0000 

  0x00000295173accac: ;   {runtime_call nmethod}
  0x00000295173accac: 0000 00e9 | fbff ffff 

  0x00000295173accb4: ;   {static_stub}
  0x00000295173accb4: 48bb d868 | 4320 9502 

  0x00000295173accbc: ;   {runtime_call I2C/C2I adapters}
  0x00000295173accbc: 0000 e9a8 

  0x00000295173accc0: ;   {static_stub}
  0x00000295173accc0: e4ae ff48 | bb00 0000 | 0000 0000 

  0x00000295173acccc: ;   {runtime_call nmethod}
  0x00000295173acccc: 00e9 fbff 

  0x00000295173accd0: ;   {static_stub}
  0x00000295173accd0: ffff 48bb | 0000 0000 | 0000 0000 

  0x00000295173accdc: ;   {runtime_call nmethod}
  0x00000295173accdc: e9fb ffff 

  0x00000295173acce0: ;   {runtime_call handle_exception_from_callee Runtime1 stub}
  0x00000295173acce0: ffe8 9aee 

  0x00000295173acce4: ;   {external_word}
  0x00000295173acce4: baff 48b9 | 2053 6b4a | f87f 0000 | 4883 e4f0 

  0x00000295173accf4: ;   {runtime_call}
  0x00000295173accf4: 48b8 90b7 | 2d4a f87f | 0000 ffd0 

  0x00000295173acd00: ;   {section_word}
  0x00000295173acd00: f449 ba01 | cd3a 1795 | 0200 0041 

  0x00000295173acd0c: ;   {runtime_call DeoptimizationBlob}
  0x00000295173acd0c: 52e9 0eb1 | afff f4f4 | f4f4 f4f4 
[/MachCode]


Compiled method (c1) 1158 1700       1       jdk.internal.loader.BuiltinClassLoader::defineClass (121 bytes)
 total in heap  [0x00000295173b1310,0x00000295173b2220] = 3856
 relocation     [0x00000295173b1470,0x00000295173b15b8] = 328
 main code      [0x00000295173b15c0,0x00000295173b1c80] = 1728
 stub code      [0x00000295173b1c80,0x00000295173b1da0] = 288
 metadata       [0x00000295173b1da0,0x00000295173b1de8] = 72
 scopes data    [0x00000295173b1de8,0x00000295173b2040] = 600
 scopes pcs     [0x00000295173b2040,0x00000295173b21e0] = 416
 dependencies   [0x00000295173b21e0,0x00000295173b21e8] = 8
 handler table  [0x00000295173b21e8,0x00000295173b2200] = 24
 nul chk table  [0x00000295173b2200,0x00000295173b2220] = 32

[Constant Pool (empty)]

[MachCode]
[Entry Point]
  # {method} {0x0000029520068d38} 'defineClass' '(Ljava/lang/String;Ljdk/internal/loader/Resource;)Ljava/lang/Class;' in 'jdk/internal/loader/BuiltinClassLoader'
  # this:     rdx:rdx   = 'jdk/internal/loader/BuiltinClassLoader'
  # parm0:    r8:r8     = 'java/lang/String'
  # parm1:    r9:r9     = 'jdk/internal/loader/Resource'
  #           [sp+0x110]  (sp of caller)
  0x00000295173b15c0: 448b 5208 | 49bb 0000 | 0020 9502 | 0000 4d03 | d34c 3bd0 

  0x00000295173b15d4: ;   {runtime_call ic_miss_stub}
  0x00000295173b15d4: 0f85 a6d3 | aeff 660f | 1f44 0000 
[Verified Entry Point]
  0x00000295173b15e0: 8984 2400 | 80ff ff55 | 4881 ec00 | 0100 0090 | 4181 7f20 | 0100 0000 

  0x00000295173b15f8: ;   {runtime_call StubRoutines (final stubs)}
  0x00000295173b15f8: 7405 e8a1 | 6cad ff48 | 8994 24a0 | 0000 004c | 8984 2490 | 0000 004c | 898c 2498 | 0000 0049 
  0x00000295173b1618: 8bd1 6666 | 9048 b8d8 | 3a21 2095 

  0x00000295173b1624: ;   {virtual_call}
  0x00000295173b1624: 0200 00e8 

  0x00000295173b1628: ; ImmutableOopMap {[144]=Oop [152]=Oop [160]=Oop }
                      ;*invokevirtual getCodeSourceURL {reexecute=0 rethrow=0 return_oop=0}
                      ; - jdk.internal.loader.BuiltinClassLoader::defineClass@1 (line 842)
  0x00000295173b1628: 742e 0000 

  0x00000295173b162c: ;   {other}
  0x00000295173b162c: 0f1f 8400 | 1c03 0000 | 4889 8424 | a800 0000 | 4c8b 8424 | 9000 0000 

  0x00000295173b1644: ; implicit exception: dispatches to 0x00000295173b1b82
  0x00000295173b1644: 418b 7014 

  0x00000295173b1648: ; implicit exception: dispatches to 0x00000295173b1b87
  0x00000295173b1648: 8b56 0c45 | 0fbe 4810 | 498b c9c1 | e118 c1f9 | 18d3 fa48 | 8bfa ffcf | 4585 c9ba | 0000 0000 
  0x00000295173b1668: 7505 ba01 | 0000 0083 | e201 85d2 | 488b d641 | b82e 0000 | 004c 8bcf | 0f84 1300 

  0x00000295173b1684: ;   {static_call}
  0x00000295173b1684: 0000 90e8 

  0x00000295173b1688: ; ImmutableOopMap {[144]=Oop [152]=Oop [160]=Oop [168]=Oop }
                      ;*invokestatic lastIndexOf {reexecute=0 rethrow=0 return_oop=0}
                      ; - java.lang.String::lastIndexOf@13 (line 2573)
                      ; - java.lang.String::lastIndexOf@8 (line 2535)
                      ; - jdk.internal.loader.BuiltinClassLoader::defineClass@8 (line 845)
  0x00000295173b1688: b43c bcff 

  0x00000295173b168c: ;   {other}
  0x00000295173b168c: 0f1f 8400 | 7c03 0001 | e913 0000 | 0066 0f1f 

  0x00000295173b169c: ;   {static_call}
  0x00000295173b169c: 4400 00e8 

  0x00000295173b16a0: ; ImmutableOopMap {[144]=Oop [152]=Oop [160]=Oop [168]=Oop }
                      ;*invokestatic lastIndexOf {reexecute=0 rethrow=0 return_oop=0}
                      ; - java.lang.String::lastIndexOf@25 (line 2574)
                      ; - java.lang.String::lastIndexOf@8 (line 2535)
                      ; - jdk.internal.loader.BuiltinClassLoader::defineClass@8 (line 845)
  0x00000295173b16a0: dce1 aeff 

  0x00000295173b16a4: ;   {other}
  0x00000295173b16a4: 0f1f 8400 | 9403 0002 | 83f8 ff0f | 847f 0000 | 0041 b800 | 0000 004c | 8bc8 488b | 9424 9000 
  0x00000295173b16c4: ;   {optimized virtual_call}
  0x00000295173b16c4: 0000 90e8 

  0x00000295173b16c8: ; ImmutableOopMap {[144]=Oop [152]=Oop [160]=Oop [168]=Oop }
                      ;*invokevirtual substring {reexecute=0 rethrow=0 return_oop=0}
                      ; - jdk.internal.loader.BuiltinClassLoader::defineClass@23 (line 847)
  0x00000295173b16c8: 345e c8ff 

  0x00000295173b16cc: ;   {other}
  0x00000295173b16cc: 0f1f 8400 | bc03 0003 | 488b 9424 | 9800 0000 | 4889 8424 | b000 0000 | 9048 b8d8 | 3a21 2095 
  0x00000295173b16ec: ;   {virtual_call}
  0x00000295173b16ec: 0200 00e8 

  0x00000295173b16f0: ; ImmutableOopMap {[144]=Oop [152]=Oop [160]=Oop [168]=Oop [176]=Oop }
                      ;*invokevirtual getManifest {reexecute=0 rethrow=0 return_oop=0}
                      ; - jdk.internal.loader.BuiltinClassLoader::defineClass@29 (line 848)
  0x00000295173b16f0: ac4d 0000 

  0x00000295173b16f4: ;   {other}
  0x00000295173b16f4: 0f1f 8400 | e403 0004 | 4c8b 8424 | b000 0000 | 4c8b c848 | 8bbc 24a8 | 0000 0048 | 8b94 24a0 
  0x00000295173b1714: 0000 0066 | 0f1f 4400 | 0048 b878 | 9306 2095 

  0x00000295173b1724: ;   {virtual_call}
  0x00000295173b1724: 0200 00e8 

  0x00000295173b1728: ; ImmutableOopMap {[144]=Oop [152]=Oop [160]=Oop [168]=Oop }
                      ;*invokevirtual defineOrCheckPackage {reexecute=0 rethrow=0 return_oop=0}
                      ; - jdk.internal.loader.BuiltinClassLoader::defineClass@40 (line 849)
  0x00000295173b1728: 14f1 ffff 

  0x00000295173b172c: ;   {other}
  0x00000295173b172c: 0f1f 8400 | 1c04 0005 | 4c8b 8c24 | 9800 0000 | 488d 9424 | e000 0000 | 4c89 4a08 | 498b 0148 
  0x00000295173b174c: 83c8 0148 | 8902 f049 | 0fb1 110f | 8412 0000 | 0048 2bc4 | 4825 07f0 | ffff 4889 | 020f 851d 
  0x00000295173b176c: 0400 0049 | ff87 4805 | 0000 418b | 510c 4885 | d20f 8551 | 0000 0049 | 8bd1 0f1f | 8000 0000 
  0x00000295173b178c: 0048 b8d8 | 3a21 2095 

  0x00000295173b1794: ;   {virtual_call}
  0x00000295173b1794: 0200 00e8 

  0x00000295173b1798: ; ImmutableOopMap {[144]=Oop [152]=Oop [160]=Oop [168]=Oop [232]=Oop }
                      ;*invokevirtual getInputStream {reexecute=0 rethrow=0 return_oop=0}
                      ; - jdk.internal.loader.Resource::cachedInputStream@9 (line 77)
                      ; - jdk.internal.loader.Resource::getByteBuffer@1 (line 163)
                      ; - jdk.internal.loader.BuiltinClassLoader::defineClass@45 (line 853)
  0x00000295173b1798: 245a 0200 

  0x00000295173b179c: ;   {other}
  0x00000295173b179c: 0f1f 8400 | 8c04 0006 | 410f be57 | 4085 d24c | 8b8c 2498 | 0000 000f | 85e6 0300 | 004c 8bd0 
  0x00000295173b17bc: 4589 510c | 498b d148 | 33d0 48c1 | ea14 4883 | fa00 0f85 | e703 0000 | 418b 510c | 488d 8424 
  0x00000295173b17dc: e000 0000 | 488b 3048 | 85f6 0f84 | 0f00 0000 | 488b 7808 | f048 0fb1 | 370f 85d8 | 0300 0049 
  0x00000295173b17fc: ff8f 4805 | 0000 4885 | d20f 8443 

  0x00000295173b1808: ;   {metadata('sun/nio/ByteBuffered')}
  0x00000295173b1808: 0000 0048 | b888 4b36 | 2095 0200 | 008b 5a08 | 49ba 0000 | 0020 9502 | 0000 4903 | da48 3b43 
  0x00000295173b1828: 200f 8424 | 0000 0048 | 3bd8 0f84 | 1b00 0000 

  0x00000295173b1838: ;   {runtime_call slow_subtype_check Runtime1 stub}
  0x00000295173b1838: 5350 e841 | afba ff5b | 5b85 db0f | 8405 0000 | 00e9 0500 | 0000 4833 | f6eb 0748 | c7c6 0100 
  0x00000295173b1858: 0000 85f6 | 0f84 6f00 | 0000 4885 | d20f 8443 

  0x00000295173b1868: ;   {metadata('sun/nio/ByteBuffered')}
  0x00000295173b1868: 0000 0048 | bb88 4b36 | 2095 0200 | 008b 7a08 | 49ba 0000 | 0020 9502 | 0000 4903 | fa48 3b5f 
  0x00000295173b1888: 200f 841f | 0000 0048 | 3bfb 0f84 | 1600 0000 

  0x00000295173b1898: ;   {runtime_call slow_subtype_check Runtime1 stub}
  0x00000295173b1898: 5753 e8e1 | aeba ff5f | 5f85 ff0f | 8440 0300 | 00e9 0000 | 0000 0f1f | 8000 0000 | 0048 b8ff 
  0x00000295173b18b8: ffff ffff 

  0x00000295173b18bc: ;   {virtual_call}
  0x00000295173b18bc: ffff ffe8 

  0x00000295173b18c0: ; ImmutableOopMap {[144]=Oop [152]=Oop [160]=Oop [168]=Oop }
                      ;*invokeinterface getByteBuffer {reexecute=0 rethrow=0 return_oop=0}
                      ; - jdk.internal.loader.Resource::getByteBuffer@16 (line 165)
                      ; - jdk.internal.loader.BuiltinClassLoader::defineClass@45 (line 853)
  0x00000295173b18c0: bcda aeff 

  0x00000295173b18c4: ;   {other}
  0x00000295173b18c4: 0f1f 8400 | b405 0007 | e90a 0000 

  0x00000295173b18d0: ;   {oop(nullptr)}
  0x00000295173b18d0: 0048 b800 | 0000 0000 | 0000 0048 | 85c0 0f84 | 0601 0000 | 4889 8424 | b800 0000 | 488b 9424 
  0x00000295173b18f0: 9800 0000 | 9048 b8ff | ffff ffff 

  0x00000295173b18fc: ;   {virtual_call}
  0x00000295173b18fc: ffff ffe8 

  0x00000295173b1900: ; ImmutableOopMap {[144]=Oop [160]=Oop [168]=Oop [184]=Oop }
                      ;*invokevirtual getCodeSigners {reexecute=0 rethrow=0 return_oop=0}
                      ; - jdk.internal.loader.BuiltinClassLoader::defineClass@56 (line 855)
  0x00000295173b1900: 7cda aeff 

  0x00000295173b1904: ;   {other}
  0x00000295173b1904: 0f1f 8400 | f405 0008 

  0x00000295173b190c: ;   {metadata('java/security/CodeSource')}
  0x00000295173b190c: 4c8b c848 | ba28 5c00 | 2095 0200 | 0049 8b87 | b801 0000 | 488d 7828 | 493b bfc8 | 0100 000f 
  0x00000295173b192c: 87c1 0200 | 0049 89bf | b801 0000 | 48c7 0001 | 0000 0048 | 8bca 49ba | 0000 0020 | 9502 0000 
  0x00000295173b194c: 492b ca89 | 4808 4833 | c989 480c | 4833 c948 | 8948 1048 | 8948 1848 | 8948 204c | 8b84 24a8 
  0x00000295173b196c: 0000 0048 | 8bd0 4889 | 8424 c000 | 0000 0f1f 

  0x00000295173b197c: ;   {optimized virtual_call}
  0x00000295173b197c: 4400 00e8 

  0x00000295173b1980: ; ImmutableOopMap {[144]=Oop [160]=Oop [184]=Oop [192]=Oop }
                      ;*invokespecial <init> {reexecute=0 rethrow=0 return_oop=0}
                      ; - jdk.internal.loader.BuiltinClassLoader::defineClass@68 (line 856)
  0x00000295173b1980: fcd4 aeff 

  0x00000295173b1984: ;   {other}
  0x00000295173b1984: 0f1f 8400 | 7406 0009 | 4c8b 8424 | c000 0000 | 488b 9424 | a000 0000 

  0x00000295173b199c: ;   {optimized virtual_call}
  0x00000295173b199c: 6666 90e8 

  0x00000295173b19a0: ; ImmutableOopMap {[144]=Oop [160]=Oop [184]=Oop }
                      ;*invokevirtual getProtectionDomain {reexecute=0 rethrow=0 return_oop=0}
                      ; - java.security.SecureClassLoader::defineClass@5 (line 182)
                      ; - jdk.internal.loader.BuiltinClassLoader::defineClass@79 (line 857)
  0x00000295173b19a0: dcd4 aeff 

  0x00000295173b19a4: ;   {other}
  0x00000295173b19a4: 0f1f 8400 | 9406 000a | 4c8b 8424 | 9000 0000 | 4c8b 8c24 | b800 0000 | 488b f848 | 8b94 24a0 
  0x00000295173b19c4: ;   {optimized virtual_call}
  0x00000295173b19c4: 0000 00e8 

  0x00000295173b19c8: ; ImmutableOopMap {}
                      ;*invokevirtual defineClass {reexecute=0 rethrow=0 return_oop=0}
                      ; - java.security.SecureClassLoader::defineClass@8 (line 182)
                      ; - jdk.internal.loader.BuiltinClassLoader::defineClass@79 (line 857)
  0x00000295173b19c8: b4d4 aeff 

  0x00000295173b19cc: ;   {other}
  0x00000295173b19cc: 0f1f 8400 | bc06 000b | 4881 c400 | 0100 005d 

  0x00000295173b19dc: ;   {poll_return}
  0x00000295173b19dc: 493b a748 | 0400 000f | 8716 0200 | 00c3 4c8b | 8c24 9800 | 0000 498b | d148 b8d8 | 3a21 2095 
  0x00000295173b19fc: ;   {virtual_call}
  0x00000295173b19fc: 0200 00e8 

  0x00000295173b1a00: ; ImmutableOopMap {[144]=Oop [152]=Oop [160]=Oop [168]=Oop }
                      ;*invokevirtual getBytes {reexecute=0 rethrow=0 return_oop=0}
                      ; - jdk.internal.loader.BuiltinClassLoader::defineClass@84 (line 859)
  0x00000295173b1a00: 5c71 0200 

  0x00000295173b1a04: ;   {other}
  0x00000295173b1a04: 0f1f 8400 | f406 000c | 4889 8424 | c800 0000 | 488b 9424 | 9800 0000 | 9048 b8d8 | 3a21 2095 
  0x00000295173b1a24: ;   {virtual_call}
  0x00000295173b1a24: 0200 00e8 

  0x00000295173b1a28: ; ImmutableOopMap {[144]=Oop [160]=Oop [168]=Oop [200]=Oop }
                      ;*invokevirtual getCodeSigners {reexecute=0 rethrow=0 return_oop=0}
                      ; - jdk.internal.loader.BuiltinClassLoader::defineClass@90 (line 860)
  0x00000295173b1a28: 946d 0200 

  0x00000295173b1a2c: ;   {other}
  0x00000295173b1a2c: 0f1f 8400 | 1c07 000d 

  0x00000295173b1a34: ;   {metadata('java/security/CodeSource')}
  0x00000295173b1a34: 4c8b c848 | ba28 5c00 | 2095 0200 | 0049 8b87 | b801 0000 | 488d 7828 | 493b bfc8 | 0100 000f 
  0x00000295173b1a54: 87bc 0100 | 0049 89bf | b801 0000 | 48c7 0001 | 0000 0048 | 8bca 49ba | 0000 0020 | 9502 0000 
  0x00000295173b1a74: 492b ca89 | 4808 4833 | c989 480c | 4833 c948 | 8948 1048 | 8948 1848 | 8948 204c | 8b84 24a8 
  0x00000295173b1a94: 0000 0048 | 8bd0 4889 | 8424 d000 | 0000 0f1f 

  0x00000295173b1aa4: ;   {optimized virtual_call}
  0x00000295173b1aa4: 4400 00e8 

  0x00000295173b1aa8: ; ImmutableOopMap {[144]=Oop [160]=Oop [200]=Oop [208]=Oop }
                      ;*invokespecial <init> {reexecute=0 rethrow=0 return_oop=0}
                      ; - jdk.internal.loader.BuiltinClassLoader::defineClass@102 (line 861)
  0x00000295173b1aa8: 54a6 ffff 

  0x00000295173b1aac: ;   {other}
  0x00000295173b1aac: 0f1f 8400 | 9c07 000e | 488b 8424 | c800 0000 

  0x00000295173b1abc: ; implicit exception: dispatches to 0x00000295173b1c22
  0x00000295173b1abc: 8b70 0c4c | 8b84 24d0 | 0000 0048 | 8b94 24a0 | 0000 0089 | b424 d800 

  0x00000295173b1ad4: ;   {optimized virtual_call}
  0x00000295173b1ad4: 0000 90e8 

  0x00000295173b1ad8: ; ImmutableOopMap {[144]=Oop [160]=Oop [200]=Oop }
                      ;*invokevirtual getProtectionDomain {reexecute=0 rethrow=0 return_oop=0}
                      ; - java.security.SecureClassLoader::defineClass@9 (line 150)
                      ; - jdk.internal.loader.BuiltinClassLoader::defineClass@117 (line 862)
  0x00000295173b1ad8: a4a0 ffff 

  0x00000295173b1adc: ;   {other}
  0x00000295173b1adc: 0f1f 8400 | cc07 000f | 4c8b 8424 | 9000 0000 | 4c8b 8c24 | c800 0000 | bf00 0000 | 008b b424 
  0x00000295173b1afc: d800 0000 | 488b c848 | 8b94 24a0 | 0000 000f 

  0x00000295173b1b0c: ;   {optimized virtual_call}
  0x00000295173b1b0c: 1f40 00e8 

  0x00000295173b1b10: ; ImmutableOopMap {}
                      ;*invokevirtual defineClass {reexecute=0 rethrow=0 return_oop=0}
                      ; - java.security.SecureClassLoader::defineClass@12 (line 150)
                      ; - jdk.internal.loader.BuiltinClassLoader::defineClass@117 (line 862)
  0x00000295173b1b10: ecaf ffff 

  0x00000295173b1b14: ;   {other}
  0x00000295173b1b14: 0f1f 8400 | 0408 0010 | 4881 c400 | 0100 005d 

  0x00000295173b1b24: ;   {poll_return}
  0x00000295173b1b24: 493b a748 | 0400 000f | 87f6 0000 | 00c3 498b | 87f8 0400 | 004d 33d2 | 4d89 97f8 | 0400 004d 
  0x00000295173b1b44: 33d2 4d89 | 9700 0500 | 0048 8bf0 | 488d 8424 | e000 0000 | 488b 3848 | 85ff 0f84 | 0f00 0000 
  0x00000295173b1b64: 488b 5808 | f048 0fb1 | 3b0f 85ca | 0000 0049 | ff8f 4805 | 0000 488b | c6e9 ee00 

  0x00000295173b1b80: ;   {runtime_call throw_null_pointer_exception Runtime1 stub}
  0x00000295173b1b80: 0000 e819 

  0x00000295173b1b84: ; ImmutableOopMap {rax=Oop r8=Oop [144]=Oop [152]=Oop [160]=Oop [168]=Oop }
                      ;*invokevirtual lastIndexOf {reexecute=0 rethrow=0 return_oop=0}
                      ; - jdk.internal.loader.BuiltinClassLoader::defineClass@8 (line 845)
                      ;   {runtime_call throw_null_pointer_exception Runtime1 stub}
  0x00000295173b1b84: 61ba ffe8 

  0x00000295173b1b88: ; ImmutableOopMap {rax=Oop r8=Oop rsi=Oop [144]=Oop [152]=Oop [160]=Oop [168]=Oop }
                      ;*arraylength {reexecute=0 rethrow=0 return_oop=0}
                      ; - java.lang.String::length@4 (line 1519)
                      ; - java.lang.String::lastIndexOf@3 (line 2535)
                      ; - jdk.internal.loader.BuiltinClassLoader::defineClass@8 (line 845)
  0x00000295173b1b88: 1461 baff | 4c89 4c24 | 0848 8914 

  0x00000295173b1b94: ;   {runtime_call monitorenter_nofpu Runtime1 stub}
  0x00000295173b1b94: 24e8 66b2 

  0x00000295173b1b98: ; ImmutableOopMap {r9=Oop [144]=Oop [152]=Oop [160]=Oop [168]=Oop [232]=Oop }
                      ;*synchronization entry
                      ; - jdk.internal.loader.Resource::cachedInputStream@-1 (line 76)
                      ; - jdk.internal.loader.Resource::getByteBuffer@1 (line 163)
                      ; - jdk.internal.loader.BuiltinClassLoader::defineClass@45 (line 853)
  0x00000295173b1b98: baff e9d7 | fbff ff41 | 8b51 0c48 | 83fa 000f | 840c fcff | ff48 8914 

  0x00000295173b1bb0: ;   {runtime_call g1_pre_barrier_slow}
  0x00000295173b1bb0: 24e8 4ae8 | baff e9fe | fbff ff48 | 83f8 000f | 840f fcff | ff4c 890c 

  0x00000295173b1bc8: ;   {runtime_call g1_post_barrier_slow}
  0x00000295173b1bc8: 24e8 32eb | baff e901 | fcff ff48 | 8d84 24e0 | 0000 0048 

  0x00000295173b1bdc: ;   {runtime_call monitorexit_nofpu Runtime1 stub}
  0x00000295173b1bdc: 8904 24e8 | 9cbd baff | e919 fcff | ff48 8914 

  0x00000295173b1bec: ;   {runtime_call throw_class_cast_exception Runtime1 stub}
  0x00000295173b1bec: 24e8 aea5 

  0x00000295173b1bf0: ; ImmutableOopMap {[144]=Oop [152]=Oop [160]=Oop [168]=Oop }
                      ;*checkcast {reexecute=0 rethrow=0 return_oop=0}
                      ; - jdk.internal.loader.Resource::getByteBuffer@13 (line 165)
                      ; - jdk.internal.loader.BuiltinClassLoader::defineClass@45 (line 853)
  0x00000295173b1bf0: baff 488b 

  0x00000295173b1bf4: ;   {runtime_call fast_new_instance Runtime1 stub}
  0x00000295173b1bf4: d2e8 8670 

  0x00000295173b1bf8: ; ImmutableOopMap {r9=Oop [144]=Oop [160]=Oop [168]=Oop [184]=Oop }
                      ;*new {reexecute=0 rethrow=0 return_oop=0}
                      ; - jdk.internal.loader.BuiltinClassLoader::defineClass@61 (line 856)
  0x00000295173b1bf8: baff e968 

  0x00000295173b1bfc: ;   {internal_word}
  0x00000295173b1bfc: fdff ff49 | badc 193b | 1795 0200 | 004d 8997 | 6004 0000 

  0x00000295173b1c10: ;   {runtime_call SafepointBlob}
  0x00000295173b1c10: e96b 4daf | ff48 8bd2 

  0x00000295173b1c18: ;   {runtime_call fast_new_instance Runtime1 stub}
  0x00000295173b1c18: e863 70ba 

  0x00000295173b1c1c: ; ImmutableOopMap {r9=Oop [144]=Oop [160]=Oop [168]=Oop [200]=Oop }
                      ;*new {reexecute=0 rethrow=0 return_oop=0}
                      ; - jdk.internal.loader.BuiltinClassLoader::defineClass@95 (line 861)
  0x00000295173b1c1c: ffe9 6dfe 

  0x00000295173b1c20: ;   {runtime_call throw_null_pointer_exception Runtime1 stub}
  0x00000295173b1c20: ffff e879 

  0x00000295173b1c24: ; ImmutableOopMap {rax=Oop [144]=Oop [160]=Oop [200]=Oop [208]=Oop }
                      ;*arraylength {reexecute=0 rethrow=0 return_oop=0}
                      ; - jdk.internal.loader.BuiltinClassLoader::defineClass@114 (line 862)
                      ;   {internal_word}
  0x00000295173b1c24: 60ba ff49 | ba24 1b3b | 1795 0200 | 004d 8997 | 6004 0000 

  0x00000295173b1c38: ;   {runtime_call SafepointBlob}
  0x00000295173b1c38: e943 4daf | ff48 8d84 | 24e0 0000 | 0048 8904 

  0x00000295173b1c48: ;   {runtime_call monitorexit_nofpu Runtime1 stub}
  0x00000295173b1c48: 24e8 32bd | baff e927 | ffff ff49 | 8b87 f804 | 0000 49c7 | 87f8 0400 | 0000 0000 | 0049 c787 
  0x00000295173b1c68: 0005 0000 | 0000 0000 | 4881 c400 | 0100 005d 

  0x00000295173b1c78: ;   {runtime_call unwind_exception Runtime1 stub}
  0x00000295173b1c78: e903 42ba | fff4 f4f4 
[Stub Code]
  0x00000295173b1c80: ;   {no_reloc}
  0x00000295173b1c80: 0f1f 4400 

  0x00000295173b1c84: ;   {static_stub}
  0x00000295173b1c84: 0048 bb00 | 0000 0000 

  0x00000295173b1c8c: ;   {runtime_call nmethod}
  0x00000295173b1c8c: 0000 00e9 | fbff ffff 

  0x00000295173b1c94: ;   {static_stub}
  0x00000295173b1c94: 9048 bb00 | 0000 0000 

  0x00000295173b1c9c: ;   {runtime_call nmethod}
  0x00000295173b1c9c: 0000 00e9 | fbff ffff 

  0x00000295173b1ca4: ;   {static_stub}
  0x00000295173b1ca4: 9048 bb00 | 0000 0000 

  0x00000295173b1cac: ;   {runtime_call nmethod}
  0x00000295173b1cac: 0000 00e9 | fbff ffff 

  0x00000295173b1cb4: ;   {static_stub}
  0x00000295173b1cb4: 9048 bb00 | 0000 0000 

  0x00000295173b1cbc: ;   {runtime_call nmethod}
  0x00000295173b1cbc: 0000 00e9 | fbff ffff 

  0x00000295173b1cc4: ;   {static_stub}
  0x00000295173b1cc4: 9048 bb00 | 0000 0000 

  0x00000295173b1ccc: ;   {runtime_call nmethod}
  0x00000295173b1ccc: 0000 00e9 | fbff ffff 

  0x00000295173b1cd4: ;   {static_stub}
  0x00000295173b1cd4: 9048 bb00 | 0000 0000 

  0x00000295173b1cdc: ;   {runtime_call nmethod}
  0x00000295173b1cdc: 0000 00e9 | fbff ffff 

  0x00000295173b1ce4: ;   {static_stub}
  0x00000295173b1ce4: 9048 bb00 | 0000 0000 

  0x00000295173b1cec: ;   {runtime_call nmethod}
  0x00000295173b1cec: 0000 00e9 | fbff ffff 

  0x00000295173b1cf4: ;   {static_stub}
  0x00000295173b1cf4: 9048 bb00 | 0000 0000 

  0x00000295173b1cfc: ;   {runtime_call nmethod}
  0x00000295173b1cfc: 0000 00e9 | fbff ffff 

  0x00000295173b1d04: ;   {static_stub}
  0x00000295173b1d04: 48bb 0000 | 0000 0000 

  0x00000295173b1d0c: ;   {runtime_call nmethod}
  0x00000295173b1d0c: 0000 e9fb 

  0x00000295173b1d10: ;   {static_stub}
  0x00000295173b1d10: ffff ff48 | bb00 0000 | 0000 0000 

  0x00000295173b1d1c: ;   {runtime_call nmethod}
  0x00000295173b1d1c: 00e9 fbff 

  0x00000295173b1d20: ;   {static_stub}
  0x00000295173b1d20: ffff 48bb | 0000 0000 | 0000 0000 

  0x00000295173b1d2c: ;   {runtime_call nmethod}
  0x00000295173b1d2c: e9fb ffff 

  0x00000295173b1d30: ;   {static_stub}
  0x00000295173b1d30: ff48 bb00 | 0000 0000 

  0x00000295173b1d38: ;   {runtime_call nmethod}
  0x00000295173b1d38: 0000 00e9 | fbff ffff 

  0x00000295173b1d40: ;   {static_stub}
  0x00000295173b1d40: 48bb 0000 | 0000 0000 

  0x00000295173b1d48: ;   {runtime_call nmethod}
  0x00000295173b1d48: 0000 e9fb 

  0x00000295173b1d4c: ;   {static_stub}
  0x00000295173b1d4c: ffff ff48 | bb00 0000 | 0000 0000 

  0x00000295173b1d58: ;   {runtime_call nmethod}
  0x00000295173b1d58: 00e9 fbff 

  0x00000295173b1d5c: ;   {static_stub}
  0x00000295173b1d5c: ffff 48bb | 0000 0000 | 0000 0000 

  0x00000295173b1d68: ;   {runtime_call nmethod}
  0x00000295173b1d68: e9fb ffff 

  0x00000295173b1d6c: ;   {runtime_call handle_exception_from_callee Runtime1 stub}
  0x00000295173b1d6c: ffe8 0e9e 

  0x00000295173b1d70: ;   {external_word}
  0x00000295173b1d70: baff 48b9 | 2053 6b4a | f87f 0000 | 4883 e4f0 

  0x00000295173b1d80: ;   {runtime_call}
  0x00000295173b1d80: 48b8 90b7 | 2d4a f87f | 0000 ffd0 

  0x00000295173b1d8c: ;   {section_word}
  0x00000295173b1d8c: f449 ba8d | 1d3b 1795 | 0200 0041 

  0x00000295173b1d98: ;   {runtime_call DeoptimizationBlob}
  0x00000295173b1d98: 52e9 8260 | afff f4f4 
[/MachCode]


---------------  P R O C E S S  ---------------

Threads class SMR info:
_java_thread_list=0x00000295653da580, length=21, elements={
0x00000295134c1420, 0x000002951f049450, 0x000002951f04c150, 0x000002951f04ee90,
0x000002951f051e30, 0x000002951f052d60, 0x000002951f0557e0, 0x000002951f06a3c0,
0x000002951f1657f0, 0x000002951f1ac000, 0x000002951f1ac660, 0x000002951f826780,
0x000002951f827e30, 0x000002951f987820, 0x000002951f98b130, 0x000002951f9afa70,
0x000002951fac24a0, 0x000002951fb33af0, 0x000002951fb2d2c0, 0x000002951fb48130,
0x000002956532e4b0
}

Java Threads: ( => current thread )
=>0x00000295134c1420 JavaThread "main"                              [_thread_in_vm, id=13108, stack(0x000000d6eb000000,0x000000d6eb100000) (1024K)]
  0x000002951f049450 JavaThread "Reference Handler"          daemon [_thread_blocked, id=14588, stack(0x000000d6eb800000,0x000000d6eb900000) (1024K)]
  0x000002951f04c150 JavaThread "Finalizer"                  daemon [_thread_blocked, id=10780, stack(0x000000d6eb900000,0x000000d6eba00000) (1024K)]
  0x000002951f04ee90 JavaThread "Signal Dispatcher"          daemon [_thread_blocked, id=15016, stack(0x000000d6eba00000,0x000000d6ebb00000) (1024K)]
  0x000002951f051e30 JavaThread "Attach Listener"            daemon [_thread_blocked, id=2572, stack(0x000000d6ebb00000,0x000000d6ebc00000) (1024K)]
  0x000002951f052d60 JavaThread "Service Thread"             daemon [_thread_blocked, id=17564, stack(0x000000d6ebc00000,0x000000d6ebd00000) (1024K)]
  0x000002951f0557e0 JavaThread "Monitor Deflation Thread"   daemon [_thread_blocked, id=7332, stack(0x000000d6ebd00000,0x000000d6ebe00000) (1024K)]
  0x000002951f06a3c0 JavaThread "C1 CompilerThread0"         daemon [_thread_blocked, id=3132, stack(0x000000d6ebe00000,0x000000d6ebf00000) (1024K)]
  0x000002951f1657f0 JavaThread "C1 CompilerThread1"         daemon [_thread_blocked, id=20296, stack(0x000000d6ebf00000,0x000000d6ec000000) (1024K)]
  0x000002951f1ac000 JavaThread "Notification Thread"        daemon [_thread_blocked, id=6876, stack(0x000000d6ec000000,0x000000d6ec100000) (1024K)]
  0x000002951f1ac660 JavaThread "Common-Cleaner"             daemon [_thread_blocked, id=17704, stack(0x000000d6ec100000,0x000000d6ec200000) (1024K)]
  0x000002951f826780 JavaThread "C1 CompilerThread2"         daemon [_thread_blocked, id=12976, stack(0x000000d6ec200000,0x000000d6ec300000) (1024K)]
  0x000002951f827e30 JavaThread "C1 CompilerThread3"         daemon [_thread_blocked, id=17588, stack(0x000000d6ec300000,0x000000d6ec400000) (1024K)]
  0x000002951f987820 JavaThread "RMI TCP Accept-0"           daemon [_thread_in_native, id=12020, stack(0x000000d6ec400000,0x000000d6ec500000) (1024K)]
  0x000002951f98b130 JavaThread "RMI TCP Accept-50839"       daemon [_thread_in_native, id=9140, stack(0x000000d6ec500000,0x000000d6ec600000) (1024K)]
  0x000002951f9afa70 JavaThread "RMI TCP Accept-0"           daemon [_thread_in_native, id=13020, stack(0x000000d6ec600000,0x000000d6ec700000) (1024K)]
  0x000002951fac24a0 JavaThread "RMI TCP Connection(1)-127.0.0.1" daemon [_thread_in_native, id=5772, stack(0x000000d6ece00000,0x000000d6ecf00000) (1024K)]
  0x000002951fb33af0 JavaThread "RMI Scheduler(0)"           daemon [_thread_blocked, id=16268, stack(0x000000d6ecf00000,0x000000d6ed000000) (1024K)]
  0x000002951fb2d2c0 JavaThread "RMI TCP Connection(2)-127.0.0.1" daemon [_thread_in_native, id=1840, stack(0x000000d6ed000000,0x000000d6ed100000) (1024K)]
  0x000002951fb48130 JavaThread "JMX server connection timeout 35" daemon [_thread_blocked, id=4972, stack(0x000000d6ed100000,0x000000d6ed200000) (1024K)]
  0x000002956532e4b0 JavaThread "background-preinit"                [_thread_in_vm, id=10860, stack(0x000000d6ed200000,0x000000d6ed300000) (1024K)]
Total: 21

Other Threads:
  0x000002951f02fa50 VMThread "VM Thread"                           [id=12888, stack(0x000000d6eb700000,0x000000d6eb800000) (1024K)]
  0x000002951f01f670 WatcherThread "VM Periodic Task Thread"        [id=18764, stack(0x000000d6eb600000,0x000000d6eb700000) (1024K)]
  0x0000029513516a50 WorkerThread "GC Thread#0"                     [id=9128, stack(0x000000d6eb100000,0x000000d6eb200000) (1024K)]
  0x000002951fa29a00 WorkerThread "GC Thread#1"                     [id=20280, stack(0x000000d6ec700000,0x000000d6ec800000) (1024K)]
  0x000002951fa2f940 WorkerThread "GC Thread#2"                     [id=14944, stack(0x000000d6ec800000,0x000000d6ec900000) (1024K)]
  0x000002951fa7fe70 WorkerThread "GC Thread#3"                     [id=8300, stack(0x000000d6ec900000,0x000000d6eca00000) (1024K)]
  0x000002951fa80210 WorkerThread "GC Thread#4"                     [id=12408, stack(0x000000d6eca00000,0x000000d6ecb00000) (1024K)]
  0x000002951fa87fc0 WorkerThread "GC Thread#5"                     [id=16644, stack(0x000000d6ecb00000,0x000000d6ecc00000) (1024K)]
  0x000002951fa8cd80 WorkerThread "GC Thread#6"                     [id=11652, stack(0x000000d6ecc00000,0x000000d6ecd00000) (1024K)]
  0x000002951fa91950 WorkerThread "GC Thread#7"                     [id=12992, stack(0x000000d6ecd00000,0x000000d6ece00000) (1024K)]
  0x00000295135270c0 ConcurrentGCThread "G1 Main Marker"            [id=19768, stack(0x000000d6eb200000,0x000000d6eb300000) (1024K)]
  0x0000029513527de0 WorkerThread "G1 Conc#0"                       [id=6224, stack(0x000000d6eb300000,0x000000d6eb400000) (1024K)]
  0x000002951356e4e0 ConcurrentGCThread "G1 Refine#0"               [id=14004, stack(0x000000d6eb400000,0x000000d6eb500000) (1024K)]
  0x000002951eeec5a0 ConcurrentGCThread "G1 Service"                [id=5092, stack(0x000000d6eb500000,0x000000d6eb600000) (1024K)]
Total: 14

Threads with active compile tasks:
Total: 0

VM state: not at safepoint (normal execution)

VM Mutex/Monitor currently owned by a thread:  ([mutex/lock_event])
[0x00007ff84a96b4f0] Metaspace_lock - owner thread: 0x00000295134c1420

Heap address: 0x0000000084400000, size: 1980 MB, Compressed Oops mode: 32-bit

CDS archive(s) mapped at: [0x0000029520000000-0x0000029520c80000-0x0000029520c80000), size 13107200, SharedBaseAddress: 0x0000029520000000, ArchiveRelocationMode: 1.
Compressed class space mapped at: 0x0000029521000000-0x0000029561000000, reserved size: 1073741824
Narrow klass base: 0x0000029520000000, Narrow klass shift: 0, Narrow klass range: 0x100000000

GC Precious Log:
 CardTable entry size: 512
 Card Set container configuration: InlinePtr #cards 5 size 8 Array Of Cards #cards 12 size 40 Howl #buckets 4 coarsen threshold 1843 Howl Bitmap #cards 512 size 80 coarsen threshold 460 Card regions per heap region 1 cards per card region 2048
 CPUs: 8 total, 8 available
 Memory: 7914M
 Large Page Support: Disabled
 NUMA Support: Disabled
 Compressed Oops: Enabled (32-bit)
 Heap Region Size: 1M
 Heap Min Capacity: 8M
 Heap Initial Capacity: 124M
 Heap Max Capacity: 1980M
 Pre-touch: Disabled
 Parallel Workers: 8
 Concurrent Workers: 2
 Concurrent Refinement Workers: 8
 Periodic GC: Disabled

Heap:
 garbage-first heap   total 126976K, used 43266K [0x0000000084400000, 0x0000000100000000)
  region size 1024K, 32 young (32768K), 4 survivors (4096K)
 Metaspace       used 16383K, committed 16768K, reserved 1114112K
  class space    used 2282K, committed 2432K, reserved 1048576K

Heap Regions: E=young(eden), S=young(survivor), O=old, HS=humongous(starts), HC=humongous(continues), CS=collection set, F=free, TAMS=top-at-mark-start, PB=parsable bottom
|   0|0x0000000084400000, 0x0000000084500000, 0x0000000084500000|100%|HS|  |TAMS 0x0000000084400000| PB 0x0000000084400000| Complete 
|   1|0x0000000084500000, 0x0000000084600000, 0x0000000084600000|100%|HS|  |TAMS 0x0000000084500000| PB 0x0000000084500000| Complete 
|   2|0x0000000084600000, 0x0000000084600000, 0x0000000084700000|  0%| F|  |TAMS 0x0000000084600000| PB 0x0000000084600000| Untracked 
|   3|0x0000000084700000, 0x0000000084800000, 0x0000000084800000|100%|HS|  |TAMS 0x0000000084700000| PB 0x0000000084700000| Complete 
|   4|0x0000000084800000, 0x0000000084900000, 0x0000000084900000|100%| O|  |TAMS 0x0000000084800000| PB 0x0000000084800000| Untracked 
|   5|0x0000000084900000, 0x0000000084a00000, 0x0000000084a00000|100%| O|  |TAMS 0x0000000084900000| PB 0x0000000084900000| Untracked 
|   6|0x0000000084a00000, 0x0000000084b00000, 0x0000000084b00000|100%| O|  |TAMS 0x0000000084a00000| PB 0x0000000084a00000| Untracked 
|   7|0x0000000084b00000, 0x0000000084c00000, 0x0000000084c00000|100%| O|  |TAMS 0x0000000084b00000| PB 0x0000000084b00000| Untracked 
|   8|0x0000000084c00000, 0x0000000084d00000, 0x0000000084d00000|100%| O|  |TAMS 0x0000000084c00000| PB 0x0000000084c00000| Untracked 
|   9|0x0000000084d00000, 0x0000000084d00000, 0x0000000084e00000|  0%| F|  |TAMS 0x0000000084d00000| PB 0x0000000084d00000| Untracked 
|  10|0x0000000084e00000, 0x0000000084e00000, 0x0000000084f00000|  0%| F|  |TAMS 0x0000000084e00000| PB 0x0000000084e00000| Untracked 
|  11|0x0000000084f00000, 0x0000000084f00000, 0x0000000085000000|  0%| F|  |TAMS 0x0000000084f00000| PB 0x0000000084f00000| Untracked 
|  12|0x0000000085000000, 0x0000000085100000, 0x0000000085100000|100%| O|  |TAMS 0x0000000085000000| PB 0x0000000085000000| Untracked 
|  13|0x0000000085100000, 0x0000000085200000, 0x0000000085200000|100%| O|  |TAMS 0x0000000085100000| PB 0x0000000085100000| Untracked 
|  14|0x0000000085200000, 0x0000000085300000, 0x0000000085300000|100%| O|  |TAMS 0x0000000085200000| PB 0x0000000085200000| Untracked 
|  15|0x0000000085300000, 0x0000000085340a70, 0x0000000085400000| 25%| O|  |TAMS 0x0000000085300000| PB 0x0000000085300000| Untracked 
|  16|0x0000000085400000, 0x0000000085400000, 0x0000000085500000|  0%| F|  |TAMS 0x0000000085400000| PB 0x0000000085400000| Untracked 
|  17|0x0000000085500000, 0x0000000085500000, 0x0000000085600000|  0%| F|  |TAMS 0x0000000085500000| PB 0x0000000085500000| Untracked 
|  18|0x0000000085600000, 0x0000000085600000, 0x0000000085700000|  0%| F|  |TAMS 0x0000000085600000| PB 0x0000000085600000| Untracked 
|  19|0x0000000085700000, 0x0000000085700000, 0x0000000085800000|  0%| F|  |TAMS 0x0000000085700000| PB 0x0000000085700000| Untracked 
|  20|0x0000000085800000, 0x0000000085800000, 0x0000000085900000|  0%| F|  |TAMS 0x0000000085800000| PB 0x0000000085800000| Untracked 
|  21|0x0000000085900000, 0x0000000085900000, 0x0000000085a00000|  0%| F|  |TAMS 0x0000000085900000| PB 0x0000000085900000| Untracked 
|  22|0x0000000085a00000, 0x0000000085a00000, 0x0000000085b00000|  0%| F|  |TAMS 0x0000000085a00000| PB 0x0000000085a00000| Untracked 
|  23|0x0000000085b00000, 0x0000000085b00000, 0x0000000085c00000|  0%| F|  |TAMS 0x0000000085b00000| PB 0x0000000085b00000| Untracked 
|  24|0x0000000085c00000, 0x0000000085c00000, 0x0000000085d00000|  0%| F|  |TAMS 0x0000000085c00000| PB 0x0000000085c00000| Untracked 
|  25|0x0000000085d00000, 0x0000000085d00000, 0x0000000085e00000|  0%| F|  |TAMS 0x0000000085d00000| PB 0x0000000085d00000| Untracked 
|  26|0x0000000085e00000, 0x0000000085e00000, 0x0000000085f00000|  0%| F|  |TAMS 0x0000000085e00000| PB 0x0000000085e00000| Untracked 
|  27|0x0000000085f00000, 0x0000000085f00000, 0x0000000086000000|  0%| F|  |TAMS 0x0000000085f00000| PB 0x0000000085f00000| Untracked 
|  28|0x0000000086000000, 0x0000000086000000, 0x0000000086100000|  0%| F|  |TAMS 0x0000000086000000| PB 0x0000000086000000| Untracked 
|  29|0x0000000086100000, 0x0000000086100000, 0x0000000086200000|  0%| F|  |TAMS 0x0000000086100000| PB 0x0000000086100000| Untracked 
|  30|0x0000000086200000, 0x0000000086200000, 0x0000000086300000|  0%| F|  |TAMS 0x0000000086200000| PB 0x0000000086200000| Untracked 
|  31|0x0000000086300000, 0x0000000086300000, 0x0000000086400000|  0%| F|  |TAMS 0x0000000086300000| PB 0x0000000086300000| Untracked 
|  32|0x0000000086400000, 0x0000000086400000, 0x0000000086500000|  0%| F|  |TAMS 0x0000000086400000| PB 0x0000000086400000| Untracked 
|  33|0x0000000086500000, 0x0000000086500000, 0x0000000086600000|  0%| F|  |TAMS 0x0000000086500000| PB 0x0000000086500000| Untracked 
|  34|0x0000000086600000, 0x0000000086600000, 0x0000000086700000|  0%| F|  |TAMS 0x0000000086600000| PB 0x0000000086600000| Untracked 
|  35|0x0000000086700000, 0x0000000086700000, 0x0000000086800000|  0%| F|  |TAMS 0x0000000086700000| PB 0x0000000086700000| Untracked 
|  36|0x0000000086800000, 0x0000000086800000, 0x0000000086900000|  0%| F|  |TAMS 0x0000000086800000| PB 0x0000000086800000| Untracked 
|  37|0x0000000086900000, 0x0000000086900000, 0x0000000086a00000|  0%| F|  |TAMS 0x0000000086900000| PB 0x0000000086900000| Untracked 
|  38|0x0000000086a00000, 0x0000000086a00000, 0x0000000086b00000|  0%| F|  |TAMS 0x0000000086a00000| PB 0x0000000086a00000| Untracked 
|  39|0x0000000086b00000, 0x0000000086b00000, 0x0000000086c00000|  0%| F|  |TAMS 0x0000000086b00000| PB 0x0000000086b00000| Untracked 
|  40|0x0000000086c00000, 0x0000000086c00000, 0x0000000086d00000|  0%| F|  |TAMS 0x0000000086c00000| PB 0x0000000086c00000| Untracked 
|  41|0x0000000086d00000, 0x0000000086d00000, 0x0000000086e00000|  0%| F|  |TAMS 0x0000000086d00000| PB 0x0000000086d00000| Untracked 
|  42|0x0000000086e00000, 0x0000000086e00000, 0x0000000086f00000|  0%| F|  |TAMS 0x0000000086e00000| PB 0x0000000086e00000| Untracked 
|  43|0x0000000086f00000, 0x0000000086f00000, 0x0000000087000000|  0%| F|  |TAMS 0x0000000086f00000| PB 0x0000000086f00000| Untracked 
|  44|0x0000000087000000, 0x0000000087000000, 0x0000000087100000|  0%| F|  |TAMS 0x0000000087000000| PB 0x0000000087000000| Untracked 
|  45|0x0000000087100000, 0x0000000087100000, 0x0000000087200000|  0%| F|  |TAMS 0x0000000087100000| PB 0x0000000087100000| Untracked 
|  46|0x0000000087200000, 0x0000000087200000, 0x0000000087300000|  0%| F|  |TAMS 0x0000000087200000| PB 0x0000000087200000| Untracked 
|  47|0x0000000087300000, 0x0000000087300000, 0x0000000087400000|  0%| F|  |TAMS 0x0000000087300000| PB 0x0000000087300000| Untracked 
|  48|0x0000000087400000, 0x0000000087400000, 0x0000000087500000|  0%| F|  |TAMS 0x0000000087400000| PB 0x0000000087400000| Untracked 
|  49|0x0000000087500000, 0x0000000087500000, 0x0000000087600000|  0%| F|  |TAMS 0x0000000087500000| PB 0x0000000087500000| Untracked 
|  50|0x0000000087600000, 0x0000000087600000, 0x0000000087700000|  0%| F|  |TAMS 0x0000000087600000| PB 0x0000000087600000| Untracked 
|  51|0x0000000087700000, 0x0000000087700000, 0x0000000087800000|  0%| F|  |TAMS 0x0000000087700000| PB 0x0000000087700000| Untracked 
|  52|0x0000000087800000, 0x0000000087800000, 0x0000000087900000|  0%| F|  |TAMS 0x0000000087800000| PB 0x0000000087800000| Untracked 
|  53|0x0000000087900000, 0x0000000087900000, 0x0000000087a00000|  0%| F|  |TAMS 0x0000000087900000| PB 0x0000000087900000| Untracked 
|  54|0x0000000087a00000, 0x0000000087a00000, 0x0000000087b00000|  0%| F|  |TAMS 0x0000000087a00000| PB 0x0000000087a00000| Untracked 
|  55|0x0000000087b00000, 0x0000000087b00000, 0x0000000087c00000|  0%| F|  |TAMS 0x0000000087b00000| PB 0x0000000087b00000| Untracked 
|  56|0x0000000087c00000, 0x0000000087c00000, 0x0000000087d00000|  0%| F|  |TAMS 0x0000000087c00000| PB 0x0000000087c00000| Untracked 
|  57|0x0000000087d00000, 0x0000000087d00000, 0x0000000087e00000|  0%| F|  |TAMS 0x0000000087d00000| PB 0x0000000087d00000| Untracked 
|  58|0x0000000087e00000, 0x0000000087e00000, 0x0000000087f00000|  0%| F|  |TAMS 0x0000000087e00000| PB 0x0000000087e00000| Untracked 
|  59|0x0000000087f00000, 0x0000000087f00000, 0x0000000088000000|  0%| F|  |TAMS 0x0000000087f00000| PB 0x0000000087f00000| Untracked 
|  60|0x0000000088000000, 0x0000000088000000, 0x0000000088100000|  0%| F|  |TAMS 0x0000000088000000| PB 0x0000000088000000| Untracked 
|  61|0x0000000088100000, 0x0000000088100000, 0x0000000088200000|  0%| F|  |TAMS 0x0000000088100000| PB 0x0000000088100000| Untracked 
|  62|0x0000000088200000, 0x0000000088200000, 0x0000000088300000|  0%| F|  |TAMS 0x0000000088200000| PB 0x0000000088200000| Untracked 
|  63|0x0000000088300000, 0x0000000088300000, 0x0000000088400000|  0%| F|  |TAMS 0x0000000088300000| PB 0x0000000088300000| Untracked 
|  64|0x0000000088400000, 0x0000000088400000, 0x0000000088500000|  0%| F|  |TAMS 0x0000000088400000| PB 0x0000000088400000| Untracked 
|  65|0x0000000088500000, 0x0000000088500000, 0x0000000088600000|  0%| F|  |TAMS 0x0000000088500000| PB 0x0000000088500000| Untracked 
|  66|0x0000000088600000, 0x0000000088600000, 0x0000000088700000|  0%| F|  |TAMS 0x0000000088600000| PB 0x0000000088600000| Untracked 
|  67|0x0000000088700000, 0x0000000088700000, 0x0000000088800000|  0%| F|  |TAMS 0x0000000088700000| PB 0x0000000088700000| Untracked 
|  68|0x0000000088800000, 0x0000000088800000, 0x0000000088900000|  0%| F|  |TAMS 0x0000000088800000| PB 0x0000000088800000| Untracked 
|  69|0x0000000088900000, 0x0000000088900000, 0x0000000088a00000|  0%| F|  |TAMS 0x0000000088900000| PB 0x0000000088900000| Untracked 
|  70|0x0000000088a00000, 0x0000000088a00000, 0x0000000088b00000|  0%| F|  |TAMS 0x0000000088a00000| PB 0x0000000088a00000| Untracked 
|  71|0x0000000088b00000, 0x0000000088b00000, 0x0000000088c00000|  0%| F|  |TAMS 0x0000000088b00000| PB 0x0000000088b00000| Untracked 
|  72|0x0000000088c00000, 0x0000000088c00000, 0x0000000088d00000|  0%| F|  |TAMS 0x0000000088c00000| PB 0x0000000088c00000| Untracked 
|  73|0x0000000088d00000, 0x0000000088d00000, 0x0000000088e00000|  0%| F|  |TAMS 0x0000000088d00000| PB 0x0000000088d00000| Untracked 
|  74|0x0000000088e00000, 0x0000000088e00000, 0x0000000088f00000|  0%| F|  |TAMS 0x0000000088e00000| PB 0x0000000088e00000| Untracked 
|  75|0x0000000088f00000, 0x0000000088f00000, 0x0000000089000000|  0%| F|  |TAMS 0x0000000088f00000| PB 0x0000000088f00000| Untracked 
|  76|0x0000000089000000, 0x0000000089000000, 0x0000000089100000|  0%| F|  |TAMS 0x0000000089000000| PB 0x0000000089000000| Untracked 
|  77|0x0000000089100000, 0x0000000089100000, 0x0000000089200000|  0%| F|  |TAMS 0x0000000089100000| PB 0x0000000089100000| Untracked 
|  78|0x0000000089200000, 0x0000000089200000, 0x0000000089300000|  0%| F|  |TAMS 0x0000000089200000| PB 0x0000000089200000| Untracked 
|  79|0x0000000089300000, 0x0000000089300000, 0x0000000089400000|  0%| F|  |TAMS 0x0000000089300000| PB 0x0000000089300000| Untracked 
|  80|0x0000000089400000, 0x0000000089400000, 0x0000000089500000|  0%| F|  |TAMS 0x0000000089400000| PB 0x0000000089400000| Untracked 
|  81|0x0000000089500000, 0x0000000089500000, 0x0000000089600000|  0%| F|  |TAMS 0x0000000089500000| PB 0x0000000089500000| Untracked 
|  82|0x0000000089600000, 0x0000000089600000, 0x0000000089700000|  0%| F|  |TAMS 0x0000000089600000| PB 0x0000000089600000| Untracked 
|  83|0x0000000089700000, 0x0000000089700000, 0x0000000089800000|  0%| F|  |TAMS 0x0000000089700000| PB 0x0000000089700000| Untracked 
|  84|0x0000000089800000, 0x0000000089800000, 0x0000000089900000|  0%| F|  |TAMS 0x0000000089800000| PB 0x0000000089800000| Untracked 
|  85|0x0000000089900000, 0x0000000089900000, 0x0000000089a00000|  0%| F|  |TAMS 0x0000000089900000| PB 0x0000000089900000| Untracked 
|  86|0x0000000089a00000, 0x0000000089a00000, 0x0000000089b00000|  0%| F|  |TAMS 0x0000000089a00000| PB 0x0000000089a00000| Untracked 
|  87|0x0000000089b00000, 0x0000000089b00000, 0x0000000089c00000|  0%| F|  |TAMS 0x0000000089b00000| PB 0x0000000089b00000| Untracked 
|  88|0x0000000089c00000, 0x0000000089c00000, 0x0000000089d00000|  0%| F|  |TAMS 0x0000000089c00000| PB 0x0000000089c00000| Untracked 
|  89|0x0000000089d00000, 0x0000000089d00000, 0x0000000089e00000|  0%| F|  |TAMS 0x0000000089d00000| PB 0x0000000089d00000| Untracked 
|  90|0x0000000089e00000, 0x0000000089e00000, 0x0000000089f00000|  0%| F|  |TAMS 0x0000000089e00000| PB 0x0000000089e00000| Untracked 
|  91|0x0000000089f00000, 0x000000008a000000, 0x000000008a000000|100%| S|CS|TAMS 0x0000000089f00000| PB 0x0000000089f00000| Complete 
|  92|0x000000008a000000, 0x000000008a100000, 0x000000008a100000|100%| S|CS|TAMS 0x000000008a000000| PB 0x000000008a000000| Complete 
|  93|0x000000008a100000, 0x000000008a200000, 0x000000008a200000|100%| S|CS|TAMS 0x000000008a100000| PB 0x000000008a100000| Complete 
|  94|0x000000008a200000, 0x000000008a300000, 0x000000008a300000|100%| S|CS|TAMS 0x000000008a200000| PB 0x000000008a200000| Complete 
|  95|0x000000008a300000, 0x000000008a300000, 0x000000008a400000|  0%| F|  |TAMS 0x000000008a300000| PB 0x000000008a300000| Untracked 
|  96|0x000000008a400000, 0x000000008a42b870, 0x000000008a500000| 17%| E|  |TAMS 0x000000008a400000| PB 0x000000008a400000| Complete 
|  97|0x000000008a500000, 0x000000008a600000, 0x000000008a600000|100%| E|CS|TAMS 0x000000008a500000| PB 0x000000008a500000| Complete 
|  98|0x000000008a600000, 0x000000008a700000, 0x000000008a700000|100%| E|CS|TAMS 0x000000008a600000| PB 0x000000008a600000| Complete 
|  99|0x000000008a700000, 0x000000008a800000, 0x000000008a800000|100%| E|CS|TAMS 0x000000008a700000| PB 0x000000008a700000| Complete 
| 100|0x000000008a800000, 0x000000008a900000, 0x000000008a900000|100%| E|CS|TAMS 0x000000008a800000| PB 0x000000008a800000| Complete 
| 101|0x000000008a900000, 0x000000008aa00000, 0x000000008aa00000|100%| E|CS|TAMS 0x000000008a900000| PB 0x000000008a900000| Complete 
| 102|0x000000008aa00000, 0x000000008ab00000, 0x000000008ab00000|100%| E|CS|TAMS 0x000000008aa00000| PB 0x000000008aa00000| Complete 
| 103|0x000000008ab00000, 0x000000008ac00000, 0x000000008ac00000|100%| E|CS|TAMS 0x000000008ab00000| PB 0x000000008ab00000| Complete 
| 104|0x000000008ac00000, 0x000000008ad00000, 0x000000008ad00000|100%| E|CS|TAMS 0x000000008ac00000| PB 0x000000008ac00000| Complete 
| 105|0x000000008ad00000, 0x000000008ae00000, 0x000000008ae00000|100%| E|CS|TAMS 0x000000008ad00000| PB 0x000000008ad00000| Complete 
| 106|0x000000008ae00000, 0x000000008af00000, 0x000000008af00000|100%| E|CS|TAMS 0x000000008ae00000| PB 0x000000008ae00000| Complete 
| 107|0x000000008af00000, 0x000000008b000000, 0x000000008b000000|100%| E|CS|TAMS 0x000000008af00000| PB 0x000000008af00000| Complete 
| 108|0x000000008b000000, 0x000000008b100000, 0x000000008b100000|100%| E|CS|TAMS 0x000000008b000000| PB 0x000000008b000000| Complete 
| 109|0x000000008b100000, 0x000000008b200000, 0x000000008b200000|100%| E|CS|TAMS 0x000000008b100000| PB 0x000000008b100000| Complete 
| 110|0x000000008b200000, 0x000000008b300000, 0x000000008b300000|100%| E|CS|TAMS 0x000000008b200000| PB 0x000000008b200000| Complete 
| 111|0x000000008b300000, 0x000000008b400000, 0x000000008b400000|100%| E|CS|TAMS 0x000000008b300000| PB 0x000000008b300000| Complete 
| 112|0x000000008b400000, 0x000000008b500000, 0x000000008b500000|100%| E|CS|TAMS 0x000000008b400000| PB 0x000000008b400000| Complete 
| 113|0x000000008b500000, 0x000000008b600000, 0x000000008b600000|100%| E|CS|TAMS 0x000000008b500000| PB 0x000000008b500000| Complete 
| 114|0x000000008b600000, 0x000000008b700000, 0x000000008b700000|100%| E|CS|TAMS 0x000000008b600000| PB 0x000000008b600000| Complete 
| 115|0x000000008b700000, 0x000000008b800000, 0x000000008b800000|100%| E|CS|TAMS 0x000000008b700000| PB 0x000000008b700000| Complete 
| 116|0x000000008b800000, 0x000000008b900000, 0x000000008b900000|100%| E|CS|TAMS 0x000000008b800000| PB 0x000000008b800000| Complete 
| 117|0x000000008b900000, 0x000000008ba00000, 0x000000008ba00000|100%| E|CS|TAMS 0x000000008b900000| PB 0x000000008b900000| Complete 
| 118|0x000000008ba00000, 0x000000008bb00000, 0x000000008bb00000|100%| E|CS|TAMS 0x000000008ba00000| PB 0x000000008ba00000| Complete 
| 119|0x000000008bb00000, 0x000000008bc00000, 0x000000008bc00000|100%| E|CS|TAMS 0x000000008bb00000| PB 0x000000008bb00000| Complete 
| 120|0x000000008bc00000, 0x000000008bd00000, 0x000000008bd00000|100%| E|CS|TAMS 0x000000008bc00000| PB 0x000000008bc00000| Complete 
| 121|0x000000008bd00000, 0x000000008be00000, 0x000000008be00000|100%| E|CS|TAMS 0x000000008bd00000| PB 0x000000008bd00000| Complete 
| 122|0x000000008be00000, 0x000000008bf00000, 0x000000008bf00000|100%| E|CS|TAMS 0x000000008be00000| PB 0x000000008be00000| Complete 
| 123|0x000000008bf00000, 0x000000008c000000, 0x000000008c000000|100%| E|CS|TAMS 0x000000008bf00000| PB 0x000000008bf00000| Complete 

Card table byte_map: [0x000002951a340000,0x000002951a720000] _byte_map_base: 0x0000029519f1e000

Marking Bits: (CMBitMap*) 0x0000029513517060
 Bits: [0x000002951a720000, 0x000002951c610000)

Polling page: 0x00000295112e0000

Metaspace:

Usage:
  Non-class:     13.77 MB used.
      Class:      2.23 MB used.
       Both:     16.00 MB used.

Virtual space:
  Non-class space:       64.00 MB reserved,      14.00 MB ( 22%) committed,  1 nodes.
      Class space:        1.00 GB reserved,       2.38 MB ( <1%) committed,  1 nodes.
             Both:        1.06 GB reserved,      16.38 MB (  2%) committed. 

Chunk freelists:
   Non-Class:  1.98 MB
       Class:  13.62 MB
        Both:  15.61 MB

MaxMetaspaceSize: unlimited
CompressedClassSpaceSize: 1.00 GB
Initial GC threshold: 21.00 MB
Current GC threshold: 21.00 MB
CDS: on
 - commit_granule_bytes: 65536.
 - commit_granule_words: 8192.
 - virtual_space_node_default_size: 8388608.
 - enlarge_chunks_in_place: 1.
 - use_allocation_guard: 0.


Internal statistics:

num_allocs_failed_limit: 0.
num_arena_births: 504.
num_arena_deaths: 0.
num_vsnodes_births: 2.
num_vsnodes_deaths: 0.
num_space_committed: 262.
num_space_uncommitted: 0.
num_chunks_returned_to_freelist: 0.
num_chunks_taken_from_freelist: 938.
num_chunk_merges: 0.
num_chunk_splits: 617.
num_chunks_enlarged: 387.
num_inconsistent_stats: 0.

CodeCache: size=49152Kb used=6806Kb max_used=6806Kb free=42345Kb
 bounds [0x0000029516e50000, 0x0000029517500000, 0x0000029519e50000]
 total_blobs=3066, nmethods=2554, adapters=433, full_count=0
Compilation: enabled, stopped_count=0, restarted_count=0

Compilation events (20 events):
Event: 1.120 Thread 0x000002951f06a3c0 2545       1       java.lang.reflect.Modifier::isAbstract (14 bytes)
Event: 1.120 Thread 0x000002951f1657f0 2546       1       java.lang.System$2::getConstantPool (5 bytes)
Event: 1.120 Thread 0x000002951f06a3c0 nmethod 2545 0x00000295174f3410 code [0x00000295174f35a0, 0x00000295174f3660]
Event: 1.120 Thread 0x000002951f1657f0 nmethod 2546 0x00000295174f3710 code [0x00000295174f38c0, 0x00000295174f39b0]
Event: 1.120 Thread 0x000002951f827e30 2547       1       java.nio.HeapByteBuffer::ix (7 bytes)
Event: 1.120 Thread 0x000002951f827e30 nmethod 2547 0x00000295174f3a90 code [0x00000295174f3c20, 0x00000295174f3cf0]
Event: 1.121 Thread 0x000002951f06a3c0 2548       1       jdk.internal.loader.AbstractClassLoaderValue::map (20 bytes)
Event: 1.121 Thread 0x000002951f06a3c0 nmethod 2548 0x00000295174f3d90 code [0x00000295174f3f40, 0x00000295174f4028]
Event: 1.122 Thread 0x000002951f826780 2549       1       jdk.internal.org.objectweb.asm.Type::getType (10 bytes)
Event: 1.122 Thread 0x000002951f826780 nmethod 2549 0x00000295174f4110 code [0x00000295174f42c0, 0x00000295174f43a8]
Event: 1.122 Thread 0x000002951f1657f0 2550       1       java.lang.reflect.Proxy$ProxyBuilder::addElementTypes (33 bytes)
Event: 1.123 Thread 0x000002951f1657f0 nmethod 2550 0x00000295174f4490 code [0x00000295174f4660, 0x00000295174f4848]
Event: 1.123 Thread 0x000002951f06a3c0 2551       1       java.nio.ByteOrder::nativeOrder (4 bytes)
Event: 1.124 Thread 0x000002951f06a3c0 nmethod 2551 0x00000295174f4a10 code [0x00000295174f4ba0, 0x00000295174f4c50]
Event: 1.124 Thread 0x000002951f1657f0 2552       1       jdk.internal.loader.AbstractClassLoaderValue::extractValue (17 bytes)
Event: 1.124 Thread 0x000002951f06a3c0 2553       1       sun.reflect.generics.parser.SignatureParser::parseTypeSignature (130 bytes)
Event: 1.124 Thread 0x000002951f06a3c0 nmethod 2553 0x00000295174f4d10 code [0x00000295174f4ee0, 0x00000295174f5088]
Event: 1.124 Thread 0x000002951f1657f0 nmethod 2552 0x00000295174f5190 code [0x00000295174f5340, 0x00000295174f54d8]
Event: 1.124 Thread 0x000002951f827e30 2554       1       java.lang.reflect.Method::hashCode (19 bytes)
Event: 1.124 Thread 0x000002951f827e30 nmethod 2554 0x00000295174f5590 code [0x00000295174f5760, 0x00000295174f58b8]

GC Heap History (4 events):
Event: 0.506 GC heap before
{Heap before GC invocations=0 (full 0):
 garbage-first heap   total 126976K, used 26624K [0x0000000084400000, 0x0000000100000000)
  region size 1024K, 23 young (23552K), 0 survivors (0K)
 Metaspace       used 6125K, committed 6400K, reserved 1114112K
  class space    used 744K, committed 896K, reserved 1048576K
}
Event: 0.512 GC heap after
{Heap after GC invocations=1 (full 0):
 garbage-first heap   total 126976K, used 11044K [0x0000000084400000, 0x0000000100000000)
  region size 1024K, 3 young (3072K), 3 survivors (3072K)
 Metaspace       used 6125K, committed 6400K, reserved 1114112K
  class space    used 744K, committed 896K, reserved 1048576K
}
Event: 0.797 GC heap before
{Heap before GC invocations=1 (full 0):
 garbage-first heap   total 126976K, used 41764K [0x0000000084400000, 0x0000000100000000)
  region size 1024K, 29 young (29696K), 3 survivors (3072K)
 Metaspace       used 10724K, committed 11008K, reserved 1114112K
  class space    used 1345K, committed 1472K, reserved 1048576K
}
Event: 0.806 GC heap after
{Heap after GC invocations=2 (full 0):
 garbage-first heap   total 126976K, used 15618K [0x0000000084400000, 0x0000000100000000)
  region size 1024K, 4 young (4096K), 4 survivors (4096K)
 Metaspace       used 10724K, committed 11008K, reserved 1114112K
  class space    used 1345K, committed 1472K, reserved 1048576K
}

Dll operation events (9 events):
Event: 0.007 Loaded shared library C:\Users\NEHA\.p2\pool\plugins\org.eclipse.justj.openjdk.hotspot.jre.full.win32.x86_64_21.0.9.v20251105-0741\jre\bin\java.dll
Event: 0.031 Loaded shared library C:\Users\NEHA\.p2\pool\plugins\org.eclipse.justj.openjdk.hotspot.jre.full.win32.x86_64_21.0.9.v20251105-0741\jre\bin\zip.dll
Event: 0.104 Loaded shared library C:\Users\NEHA\.p2\pool\plugins\org.eclipse.justj.openjdk.hotspot.jre.full.win32.x86_64_21.0.9.v20251105-0741\jre\bin\jimage.dll
Event: 0.108 Loaded shared library C:\Users\NEHA\.p2\pool\plugins\org.eclipse.justj.openjdk.hotspot.jre.full.win32.x86_64_21.0.9.v20251105-0741\jre\bin\net.dll
Event: 0.110 Loaded shared library C:\Users\NEHA\.p2\pool\plugins\org.eclipse.justj.openjdk.hotspot.jre.full.win32.x86_64_21.0.9.v20251105-0741\jre\bin\nio.dll
Event: 0.112 Loaded shared library C:\Users\NEHA\.p2\pool\plugins\org.eclipse.justj.openjdk.hotspot.jre.full.win32.x86_64_21.0.9.v20251105-0741\jre\bin\zip.dll
Event: 0.192 Loaded shared library C:\Users\NEHA\.p2\pool\plugins\org.eclipse.justj.openjdk.hotspot.jre.full.win32.x86_64_21.0.9.v20251105-0741\jre\bin\management.dll
Event: 0.202 Loaded shared library C:\Users\NEHA\.p2\pool\plugins\org.eclipse.justj.openjdk.hotspot.jre.full.win32.x86_64_21.0.9.v20251105-0741\jre\bin\management_ext.dll
Event: 0.404 Loaded shared library C:\Users\NEHA\.p2\pool\plugins\org.eclipse.justj.openjdk.hotspot.jre.full.win32.x86_64_21.0.9.v20251105-0741\jre\bin\extnet.dll

Deoptimization events (0 events):
No events

Classes loaded (20 events):
Event: 1.102 Loading class org/xml/sax/ErrorHandler
Event: 1.102 Loading class org/xml/sax/ErrorHandler done
Event: 1.102 Loading class org/xml/sax/SAXParseException
Event: 1.102 Loading class org/xml/sax/SAXParseException done
Event: 1.102 Loading class javax/xml/parsers/ParserConfigurationException
Event: 1.102 Loading class javax/xml/parsers/ParserConfigurationException done
Event: 1.105 Loading class java/io/CharConversionException
Event: 1.105 Loading class java/io/CharConversionException done
Event: 1.111 Loading class java/time/chrono/HijrahDate
Event: 1.111 Loading class java/time/chrono/ChronoLocalDateImpl
Event: 1.112 Loading class java/time/chrono/ChronoLocalDateImpl done
Event: 1.112 Loading class java/time/chrono/HijrahDate done
Event: 1.112 Loading class java/time/chrono/JapaneseDate
Event: 1.112 Loading class java/time/chrono/JapaneseDate done
Event: 1.112 Loading class java/time/chrono/MinguoDate
Event: 1.112 Loading class java/time/chrono/MinguoDate done
Event: 1.112 Loading class java/time/chrono/ThaiBuddhistDate
Event: 1.112 Loading class java/time/chrono/ThaiBuddhistDate done
Event: 1.115 Loading class java/lang/annotation/Repeatable
Event: 1.115 Loading class java/lang/annotation/Repeatable done

Classes unloaded (0 events):
No events

Classes redefined (0 events):
No events

Internal exceptions (20 events):
Event: 0.900 Thread 0x00000295134c1420 Exception <a 'java/lang/NoSuchMethodError'{0x000000008b978a80}: 'int java.lang.invoke.DirectMethodHandle$Holder.invokeStaticInit(java.lang.Object, float, float)'> (0x000000008b978a80) 
thrown [s\src\hotspot\share\interpreter\linkResolver.cpp, line 773]
Event: 0.900 Thread 0x00000295134c1420 Exception <a 'java/lang/NoSuchMethodError'{0x000000008b97f528}: 'int java.lang.invoke.DirectMethodHandle$Holder.invokeStaticInit(java.lang.Object, double, double)'> (0x000000008b97f528) 
thrown [s\src\hotspot\share\interpreter\linkResolver.cpp, line 773]
Event: 0.900 Thread 0x00000295134c1420 Exception <a 'java/lang/NoSuchMethodError'{0x000000008b9839b0}: 'int java.lang.invoke.DirectMethodHandle$Holder.invokeStatic(java.lang.Object, long)'> (0x000000008b9839b0) 
thrown [s\src\hotspot\share\interpreter\linkResolver.cpp, line 773]
Event: 0.902 Thread 0x00000295134c1420 Exception <a 'java/lang/NoSuchMethodError'{0x000000008b9a5860}: 'int java.lang.invoke.Invokers$Holder.linkToTargetMethod(java.lang.Object, java.lang.Object)'> (0x000000008b9a5860) 
thrown [s\src\hotspot\share\interpreter\linkResolver.cpp, line 773]
Event: 0.910 Thread 0x00000295134c1420 Exception <a 'java/lang/NoSuchMethodError'{0x000000008b824b98}: 'java.lang.Object java.lang.invoke.DirectMethodHandle$Holder.invokeSpecial(java.lang.Object, java.lang.Object, java.lang.Object, int, java.lang.Object)'> (0x000000008b824b98) 
thrown [s\src\hotspot\share\interpreter\linkResolver.cpp, line 773]
Event: 0.910 Thread 0x00000295134c1420 Exception <a 'java/lang/NoSuchMethodError'{0x000000008b82c560}: 'java.lang.Object java.lang.invoke.DirectMethodHandle$Holder.newInvokeSpecial(java.lang.Object, java.lang.Object, java.lang.Object, int, java.lang.Object)'> (0x000000008b82c560) 
thrown [s\src\hotspot\share\interpreter\linkResolver.cpp, line 773]
Event: 0.911 Thread 0x00000295134c1420 Exception <a 'java/lang/NoSuchMethodError'{0x000000008b833ae8}: 'java.lang.Object java.lang.invoke.Invokers$Holder.linkToTargetMethod(java.lang.Object, java.lang.Object, int, java.lang.Object, java.lang.Object)'> (0x000000008b833ae8) 
thrown [s\src\hotspot\share\interpreter\linkResolver.cpp, line 773]
Event: 0.912 Thread 0x00000295134c1420 Exception <a 'java/lang/NoSuchMethodError'{0x000000008b841f40}: 'java.lang.Object java.lang.invoke.DirectMethodHandle$Holder.newInvokeSpecial(java.lang.Object, int, java.lang.Object)'> (0x000000008b841f40) 
thrown [s\src\hotspot\share\interpreter\linkResolver.cpp, line 773]
Event: 0.912 Thread 0x00000295134c1420 Exception <a 'java/lang/NoSuchMethodError'{0x000000008b845a70}: 'int java.lang.invoke.DirectMethodHandle$Holder.invokeSpecialIFC(java.lang.Object, java.lang.Object, java.lang.Object, java.lang.Object)'> (0x000000008b845a70) 
thrown [s\src\hotspot\share\interpreter\linkResolver.cpp, line 773]
Event: 0.925 Thread 0x00000295134c1420 Exception <a 'java/lang/NoSuchMethodError'{0x000000008b8fb3a0}: 'void java.lang.invoke.DirectMethodHandle$Holder.invokeInterface(java.lang.Object, java.lang.Object, java.lang.Object)'> (0x000000008b8fb3a0) 
thrown [s\src\hotspot\share\interpreter\linkResolver.cpp, line 773]
Event: 0.937 Thread 0x00000295134c1420 Exception <a 'java/lang/NoSuchMethodError'{0x000000008b789378}: 'java.lang.Object java.lang.invoke.Invokers$Holder.invoke_MT(java.lang.Object, java.lang.Object, java.lang.Object, java.lang.Object, java.lang.Object, java.lang.Object, java.lang.Object, java.lang.Object, java.lang.Object)'> (0x000000008b789378) 
thrown [s\src\hotspot\share\interpreter\linkResolver.cpp, line 773]
Event: 0.939 Thread 0x00000295134c1420 Exception <a 'java/lang/NoSuchMethodError'{0x000000008b7b66c8}: 'java.lang.reflect.Field[] java.lang.Class.getDeclaredFields(java.lang.Class)'> (0x000000008b7b66c8) 
thrown [s\src\hotspot\share\interpreter\linkResolver.cpp, line 773]
Event: 0.967 Thread 0x00000295134c1420 Exception <a 'java/lang/NoSuchMethodError'{0x000000008b64ac00}: 'java.lang.Object java.lang.invoke.DirectMethodHandle$Holder.invokeVirtual(java.lang.Object, java.lang.Object, java.lang.Object)'> (0x000000008b64ac00) 
thrown [s\src\hotspot\share\interpreter\linkResolver.cpp, line 773]
Event: 0.983 Thread 0x00000295134c1420 Exception <a 'java/lang/NoSuchMethodError'{0x000000008b5757e8}: 'void java.lang.invoke.DirectMethodHandle$Holder.invokeStatic(java.lang.Object, java.lang.Object, int)'> (0x000000008b5757e8) 
thrown [s\src\hotspot\share\interpreter\linkResolver.cpp, line 773]
Event: 0.986 Thread 0x00000295134c1420 Exception <a 'java/lang/NoSuchMethodError'{0x000000008b584f58}: 'void java.lang.invoke.DirectMethodHandle$Holder.invokeStaticInit(java.lang.Object, java.lang.Object, java.lang.Object)'> (0x000000008b584f58) 
thrown [s\src\hotspot\share\interpreter\linkResolver.cpp, line 773]
Event: 0.988 Thread 0x00000295134c1420 Exception <a 'java/lang/NoSuchMethodError'{0x000000008b5bc5f0}: 'java.lang.Object java.lang.invoke.DirectMethodHandle$Holder.invokeStaticInit(java.lang.Object, int)'> (0x000000008b5bc5f0) 
thrown [s\src\hotspot\share\interpreter\linkResolver.cpp, line 773]
Event: 0.989 Thread 0x00000295134c1420 Exception <a 'java/lang/NoSuchMethodError'{0x000000008b5c68c8}: 'java.lang.Object java.lang.invoke.DirectMethodHandle$Holder.invokeStatic(java.lang.Object, int, java.lang.Object)'> (0x000000008b5c68c8) 
thrown [s\src\hotspot\share\interpreter\linkResolver.cpp, line 773]
Event: 0.989 Thread 0x00000295134c1420 Exception <a 'java/lang/NoSuchMethodError'{0x000000008b5c9f58}: 'java.lang.Object java.lang.invoke.DirectMethodHandle$Holder.invokeStaticInit(java.lang.Object, int, java.lang.Object)'> (0x000000008b5c9f58) 
thrown [s\src\hotspot\share\interpreter\linkResolver.cpp, line 773]
Event: 0.999 Thread 0x00000295134c1420 Exception <a 'java/lang/NoSuchMethodError'{0x000000008b487ad0}: 'void java.lang.invoke.DirectMethodHandle$Holder.invokeVirtual(java.lang.Object, java.lang.Object, java.lang.Object, java.lang.Object)'> (0x000000008b487ad0) 
thrown [s\src\hotspot\share\interpreter\linkResolver.cpp, line 773]
Event: 1.036 Thread 0x00000295134c1420 Exception <a 'java/lang/IncompatibleClassChangeError'{0x000000008b2cf2d8}: Found class java.lang.Object, but interface was expected> (0x000000008b2cf2d8) 
thrown [s\src\hotspot\share\interpreter\linkResolver.cpp, line 840]

ZGC Phase Switch (0 events):
No events

VM Operations (20 events):
Event: 0.462 Executing VM operation: HandshakeAllThreads (Deoptimize)
Event: 0.462 Executing VM operation: HandshakeAllThreads (Deoptimize) done
Event: 0.505 Executing VM operation: G1CollectForAllocation (G1 Evacuation Pause)
Event: 0.512 Executing VM operation: G1CollectForAllocation (G1 Evacuation Pause) done
Event: 0.562 Executing VM operation: HandshakeAllThreads (Deoptimize)
Event: 0.562 Executing VM operation: HandshakeAllThreads (Deoptimize) done
Event: 0.582 Executing VM operation: HandshakeAllThreads (Deoptimize)
Event: 0.582 Executing VM operation: HandshakeAllThreads (Deoptimize) done
Event: 0.761 Executing VM operation: HandshakeAllThreads (Deoptimize)
Event: 0.761 Executing VM operation: HandshakeAllThreads (Deoptimize) done
Event: 0.797 Executing VM operation: G1CollectForAllocation (G1 Evacuation Pause)
Event: 0.806 Executing VM operation: G1CollectForAllocation (G1 Evacuation Pause) done
Event: 0.983 Executing VM operation: HandshakeAllThreads (Deoptimize)
Event: 0.983 Executing VM operation: HandshakeAllThreads (Deoptimize) done
Event: 0.984 Executing VM operation: HandshakeAllThreads (Deoptimize)
Event: 0.984 Executing VM operation: HandshakeAllThreads (Deoptimize) done
Event: 1.030 Executing VM operation: HandshakeAllThreads (Deoptimize)
Event: 1.030 Executing VM operation: HandshakeAllThreads (Deoptimize) done
Event: 1.034 Executing VM operation: ICBufferFull
Event: 1.034 Executing VM operation: ICBufferFull done

Memory protections (0 events):
No events

Nmethod flushes (0 events):
No events

Events (20 events):
Event: 0.032 Thread 0x00000295134c1420 Thread added: 0x000002951f04ee90
Event: 0.032 Thread 0x00000295134c1420 Thread added: 0x000002951f051e30
Event: 0.032 Thread 0x00000295134c1420 Thread added: 0x000002951f052d60
Event: 0.032 Thread 0x00000295134c1420 Thread added: 0x000002951f0557e0
Event: 0.032 Thread 0x00000295134c1420 Thread added: 0x000002951f06a3c0
Event: 0.094 Thread 0x000002951f06a3c0 Thread added: 0x000002951f1657f0
Event: 0.100 Thread 0x00000295134c1420 Thread added: 0x000002951f1ac000
Event: 0.101 Thread 0x00000295134c1420 Thread added: 0x000002951f1ac660
Event: 0.291 Thread 0x000002951f1657f0 Thread added: 0x000002951f826780
Event: 0.291 Thread 0x000002951f1657f0 Thread added: 0x000002951f827e30
Event: 0.406 Thread 0x00000295134c1420 Thread added: 0x000002951f987820
Event: 0.417 Thread 0x00000295134c1420 Thread added: 0x000002951f98b130
Event: 0.434 Thread 0x00000295134c1420 Thread added: 0x000002951f9afa70
Event: 0.537 Thread 0x000002951f98b130 Thread added: 0x000002951fac24a0
Event: 0.547 Thread 0x000002951fac24a0 Thread added: 0x000002951fb33af0
Event: 0.549 Thread 0x000002951f987820 Thread added: 0x000002951fb2d2c0
Event: 0.560 Thread 0x000002951fb2d2c0 Thread added: 0x000002951fb48130
Event: 0.955 Thread 0x00000295134c1420 Thread added: 0x000002956532f1d0
Event: 0.962 Thread 0x000002956532f1d0 Thread exited: 0x000002956532f1d0
Event: 1.033 Thread 0x00000295134c1420 Thread added: 0x000002956532e4b0


Dynamic libraries:
0x00007ff76a340000 - 0x00007ff76a34e000 	C:\Users\NEHA\.p2\pool\plugins\org.eclipse.justj.openjdk.hotspot.jre.full.win32.x86_64_21.0.9.v20251105-0741\jre\bin\javaw.exe
0x00007ff8f6c60000 - 0x00007ff8f6ec6000 	C:\WINDOWS\SYSTEM32\ntdll.dll
0x00007ff8f6200000 - 0x00007ff8f62c9000 	C:\WINDOWS\System32\KERNEL32.DLL
0x00007ff8f4400000 - 0x00007ff8f47ff000 	C:\WINDOWS\System32\KERNELBASE.dll
0x00007ff8f41c0000 - 0x00007ff8f430c000 	C:\WINDOWS\System32\ucrtbase.dll
0x00007ff8c4df0000 - 0x00007ff8c4e08000 	C:\Users\NEHA\.p2\pool\plugins\org.eclipse.justj.openjdk.hotspot.jre.full.win32.x86_64_21.0.9.v20251105-0741\jre\bin\jli.dll
0x00007ff8c4ff0000 - 0x00007ff8c500e000 	C:\Users\NEHA\.p2\pool\plugins\org.eclipse.justj.openjdk.hotspot.jre.full.win32.x86_64_21.0.9.v20251105-0741\jre\bin\VCRUNTIME140.dll
0x00007ff8f5930000 - 0x00007ff8f5af6000 	C:\WINDOWS\System32\USER32.dll
0x00007ff8d85c0000 - 0x00007ff8d8851000 	C:\WINDOWS\WinSxS\amd64_microsoft.windows.common-controls_6595b64144ccf1df_6.0.26100.8972_none_3e0da176e32f9d4b\COMCTL32.dll
0x00007ff8f43d0000 - 0x00007ff8f43f7000 	C:\WINDOWS\System32\win32u.dll
0x00007ff8f4de0000 - 0x00007ff8f4e89000 	C:\WINDOWS\System32\msvcrt.dll
0x00007ff8f6bf0000 - 0x00007ff8f6c1b000 	C:\WINDOWS\System32\GDI32.dll
0x00007ff8f4090000 - 0x00007ff8f41b9000 	C:\WINDOWS\System32\gdi32full.dll
0x00007ff8f4320000 - 0x00007ff8f43c3000 	C:\WINDOWS\System32\msvcp_win.dll
0x00007ff8f6bb0000 - 0x00007ff8f6be2000 	C:\WINDOWS\System32\IMM32.DLL
0x00007ff8d8be0000 - 0x00007ff8d8bec000 	C:\Users\NEHA\.p2\pool\plugins\org.eclipse.justj.openjdk.hotspot.jre.full.win32.x86_64_21.0.9.v20251105-0741\jre\bin\vcruntime140_1.dll
0x00007ff874c50000 - 0x00007ff874cdd000 	C:\Users\NEHA\.p2\pool\plugins\org.eclipse.justj.openjdk.hotspot.jre.full.win32.x86_64_21.0.9.v20251105-0741\jre\bin\msvcp140.dll
0x00007ff849cb0000 - 0x00007ff84aa50000 	C:\Users\NEHA\.p2\pool\plugins\org.eclipse.justj.openjdk.hotspot.jre.full.win32.x86_64_21.0.9.v20251105-0741\jre\bin\server\jvm.dll
0x00007ff8f4f90000 - 0x00007ff8f504c000 	C:\WINDOWS\System32\ADVAPI32.dll
0x00007ff8f62d0000 - 0x00007ff8f6379000 	C:\WINDOWS\System32\sechost.dll
0x00007ff8f5b10000 - 0x00007ff8f5c28000 	C:\WINDOWS\System32\RPCRT4.dll
0x00007ff8f57f0000 - 0x00007ff8f5872000 	C:\WINDOWS\System32\WS2_32.dll
0x00007ff8f3cd0000 - 0x00007ff8f3d2e000 	C:\WINDOWS\SYSTEM32\POWRPROF.dll
0x00007ff8e1630000 - 0x00007ff8e163b000 	C:\WINDOWS\SYSTEM32\VERSION.dll
0x00007ff8e6180000 - 0x00007ff8e61b6000 	C:\WINDOWS\SYSTEM32\WINMM.dll
0x00007ff8f3cb0000 - 0x00007ff8f3cc5000 	C:\WINDOWS\SYSTEM32\UMPDC.dll
0x00007ff8f2b60000 - 0x00007ff8f2b7b000 	C:\WINDOWS\SYSTEM32\kernel.appcore.dll
0x00007ff8e8150000 - 0x00007ff8e815a000 	C:\Users\NEHA\.p2\pool\plugins\org.eclipse.justj.openjdk.hotspot.jre.full.win32.x86_64_21.0.9.v20251105-0741\jre\bin\jimage.dll
0x00007ff8f1360000 - 0x00007ff8f15a2000 	C:\WINDOWS\SYSTEM32\DBGHELP.DLL
0x00007ff8f4a50000 - 0x00007ff8f4dd5000 	C:\WINDOWS\System32\combase.dll
0x00007ff8f5c30000 - 0x00007ff8f5d09000 	C:\WINDOWS\System32\OLEAUT32.dll
0x00007ff8d06e0000 - 0x00007ff8d071b000 	C:\WINDOWS\SYSTEM32\dbgcore.DLL
0x00007ff8f48d0000 - 0x00007ff8f497c000 	C:\WINDOWS\System32\bcryptPrimitives.dll
0x00007ff8e04c0000 - 0x00007ff8e04e0000 	C:\Users\NEHA\.p2\pool\plugins\org.eclipse.justj.openjdk.hotspot.jre.full.win32.x86_64_21.0.9.v20251105-0741\jre\bin\java.dll
0x00007ff8f5060000 - 0x00007ff8f57e8000 	C:\WINDOWS\System32\SHELL32.dll
0x00007ff8f1940000 - 0x00007ff8f21db000 	C:\WINDOWS\SYSTEM32\windows.storage.dll
0x00007ff8f4e90000 - 0x00007ff8f4f89000 	C:\WINDOWS\System32\SHCORE.dll
0x00007ff8f6190000 - 0x00007ff8f61f6000 	C:\WINDOWS\System32\shlwapi.dll
0x00007ff8f3d90000 - 0x00007ff8f3db9000 	C:\WINDOWS\SYSTEM32\profapi.dll
0x00007ff8df740000 - 0x00007ff8df758000 	C:\Users\NEHA\.p2\pool\plugins\org.eclipse.justj.openjdk.hotspot.jre.full.win32.x86_64_21.0.9.v20251105-0741\jre\bin\zip.dll
0x00007ff8e0840000 - 0x00007ff8e0850000 	C:\Users\NEHA\.p2\pool\plugins\org.eclipse.justj.openjdk.hotspot.jre.full.win32.x86_64_21.0.9.v20251105-0741\jre\bin\net.dll
0x00007ff8e9500000 - 0x00007ff8e9627000 	C:\WINDOWS\SYSTEM32\WINHTTP.dll
0x00007ff8f3110000 - 0x00007ff8f317c000 	C:\WINDOWS\system32\mswsock.dll
0x00007ff8df660000 - 0x00007ff8df676000 	C:\Users\NEHA\.p2\pool\plugins\org.eclipse.justj.openjdk.hotspot.jre.full.win32.x86_64_21.0.9.v20251105-0741\jre\bin\nio.dll
0x00007ff8e82e0000 - 0x00007ff8e82ea000 	C:\Users\NEHA\.p2\pool\plugins\org.eclipse.justj.openjdk.hotspot.jre.full.win32.x86_64_21.0.9.v20251105-0741\jre\bin\management.dll
0x00007ff8df4b0000 - 0x00007ff8df4bc000 	C:\Users\NEHA\.p2\pool\plugins\org.eclipse.justj.openjdk.hotspot.jre.full.win32.x86_64_21.0.9.v20251105-0741\jre\bin\management_ext.dll
0x00007ff8f5b00000 - 0x00007ff8f5b08000 	C:\WINDOWS\System32\PSAPI.DLL
0x00007ff8c7bb0000 - 0x00007ff8c7bc8000 	C:\WINDOWS\system32\napinsp.dll
0x00007ff8c5f80000 - 0x00007ff8c5f96000 	C:\WINDOWS\system32\wshbth.dll
0x00007ff8c4db0000 - 0x00007ff8c4dd2000 	C:\WINDOWS\system32\nlansp_c.dll
0x00007ff8f2620000 - 0x00007ff8f2778000 	C:\WINDOWS\SYSTEM32\DNSAPI.dll
0x00007ff8f2ea0000 - 0x00007ff8f2ead000 	C:\WINDOWS\SYSTEM32\DSPARSE.dll
0x00007ff8f2580000 - 0x00007ff8f25b3000 	C:\WINDOWS\SYSTEM32\IPHLPAPI.DLL
0x00007ff8f66f0000 - 0x00007ff8f66fa000 	C:\WINDOWS\System32\NSI.dll
0x00007ff8c4d90000 - 0x00007ff8c4da3000 	C:\WINDOWS\System32\winrnr.dll
0x00007ff8e6170000 - 0x00007ff8e617b000 	C:\Windows\System32\rasadhlp.dll
0x00007ff8ea230000 - 0x00007ff8ea2b6000 	C:\WINDOWS\System32\fwpuclnt.dll
0x00007ff8f3400000 - 0x00007ff8f341b000 	C:\WINDOWS\SYSTEM32\CRYPTSP.dll
0x00007ff8f2ac0000 - 0x00007ff8f2af9000 	C:\WINDOWS\system32\rsaenh.dll
0x00007ff8f31c0000 - 0x00007ff8f31f2000 	C:\WINDOWS\SYSTEM32\USERENV.dll
0x00007ff8f3d60000 - 0x00007ff8f3d8a000 	C:\WINDOWS\SYSTEM32\bcrypt.dll
0x00007ff8f3420000 - 0x00007ff8f342c000 	C:\WINDOWS\SYSTEM32\CRYPTBASE.dll
0x00007ff8e82f0000 - 0x00007ff8e82f9000 	C:\Users\NEHA\.p2\pool\plugins\org.eclipse.justj.openjdk.hotspot.jre.full.win32.x86_64_21.0.9.v20251105-0741\jre\bin\extnet.dll

JVMTI agents: none

dbghelp: loaded successfully - version: 4.0.5 - missing functions: none
symbol engine: initialized successfully - sym options: 0x614 - pdb path: .;C:\Users\NEHA\.p2\pool\plugins\org.eclipse.justj.openjdk.hotspot.jre.full.win32.x86_64_21.0.9.v20251105-0741\jre\bin;C:\WINDOWS\SYSTEM32;C:\WINDOWS\WinSxS\amd64_microsoft.windows.common-controls_6595b64144ccf1df_6.0.26100.8972_none_3e0da176e32f9d4b;C:\Users\NEHA\.p2\pool\plugins\org.eclipse.justj.openjdk.hotspot.jre.full.win32.x86_64_21.0.9.v20251105-0741\jre\bin\server

VM Arguments:
jvm_args: -Dcom.sun.management.jmxremote -Dcom.sun.management.jmxremote.port=50839 -Dcom.sun.management.jmxremote.authenticate=false -Dcom.sun.management.jmxremote.ssl=false -Djava.rmi.server.hostname=localhost -Dspring.jmx.enabled=true -Dmanagement.endpoints.jmx.exposure.include=* -Dspring.application.admin.enabled=true -Dspring.output.ansi.enabled=always -XX:TieredStopAtLevel=1 -Dspring.boot.project.name=opportunity-service -Dfile.encoding=UTF-8 -Dstdout.encoding=UTF-8 -Dstderr.encoding=UTF-8 -XX:+ShowCodeDetailsInExceptionMessages 
java_command: com.example.opportunityservice.OpportunityServiceApplication
java_class_path (initial): C:\Users\NEHA\eclipse-workspace1\opportunity-service\target\classes;C:\Users\NEHA\.m2\repository\org\springframework\boot\spring-boot-starter-web\3.5.3\spring-boot-starter-web-3.5.3.jar;C:\Users\NEHA\.m2\repository\org\springframework\boot\spring-boot-starter\3.5.3\spring-boot-starter-3.5.3.jar;C:\Users\NEHA\.m2\repository\org\springframework\boot\spring-boot\3.5.3\spring-boot-3.5.3.jar;C:\Users\NEHA\.m2\repository\org\springframework\boot\spring-boot-autoconfigure\3.5.3\spring-boot-autoconfigure-3.5.3.jar;C:\Users\NEHA\.m2\repository\org\springframework\boot\spring-boot-starter-logging\3.5.3\spring-boot-starter-logging-3.5.3.jar;C:\Users\NEHA\.m2\repository\ch\qos\logback\logback-classic\1.5.18\logback-classic-1.5.18.jar;C:\Users\NEHA\.m2\repository\ch\qos\logback\logback-core\1.5.18\logback-core-1.5.18.jar;C:\Users\NEHA\.m2\repository\org\apache\logging\log4j\log4j-to-slf4j\2.24.3\log4j-to-slf4j-2.24.3.jar;C:\Users\NEHA\.m2\repository\org\apache\logging\log4j\log4j-api\2.24.3\log4j-api-2.24.3.jar;C:\Users\NEHA\.m2\repository\org\slf4j\jul-to-slf4j\2.0.17\jul-to-slf4j-2.0.17.jar;C:\Users\NEHA\.m2\repository\jakarta\annotation\jakarta.annotation-api\2.1.1\jakarta.annotation-api-2.1.1.jar;C:\Users\NEHA\.m2\repository\org\yaml\snakeyaml\2.4\snakeyaml-2.4.jar;C:\Users\NEHA\.m2\repository\org\springframework\boot\spring-boot-starter-json\3.5.3\spring-boot-starter-json-3.5.3.jar;C:\Users\NEHA\.m2\repository\com\fasterxml\jackson\core\jackson-databind\2.19.1\jackson-databind-2.19.1.jar;C:\Users\NEHA\.m2\repository\com\fasterxml\jackson\datatype\jackson-datatype-jdk8\2.19.1\jackson-datatype-jdk8-2.19.1.jar;C:\Users\NEHA\.m2\repository\com\fasterxml\jackson\datatype\jackson-datatype-jsr310\2.19.1\jackson-datatype-jsr310-2.19.1.jar;C:\Users\NEHA\.m2\repository\com\fasterxml\jackson\module\jackson-module-parameter-names\2.19.1\jackson-module-parameter-names-2.19.1.jar;C:\Users\NEHA\.m2\repository\org\springframework\boot\spring-boot-starter-tomcat\3.5.3\spring-boot-starter-tomcat-3.5.3.jar;C:\Users\NEHA\.m2\repository\org\apache\tomcat\embed\tomcat-embed-core\10.1.42\tomcat-embed-core-10.1.42.jar;C:\Users\NEHA\.m2\repository\org\apache\tomcat\embed\tomcat-embed-websocket\10.1.42\tomcat-embed-websocket-10.1.42.jar;C:\Users\NEHA\.m2\repository\org\springframework\spring-web\6.2.8\spring-web-6.2.8.jar;C:\Users\NEHA\.m2\repository\org\springframework\spring-beans\6.2.8\spring-beans-6.2.8.jar;C:\Users\NEHA\.m2\repository\io\micrometer\micrometer-observation\1.15.1\micrometer-observation-1.15.1.jar;C:\Users\NEHA\.m2\repository\io\micrometer\micrometer-commons\1.15.1\micrometer-commons-1.15.1.jar;C:\Users\NEHA\.m2\repository\org\springframework\spring-webmvc\6.2.8\spring-webmvc-6.2.8.jar;C:\Users\NEHA\.m2\repository\org\springframework\spring-context\6.2.8\spring-context-6.2.8.jar;C:\Users\NEHA\.m2\repository\org\springframework\spring-expression\6.2.8\spring-expression-6.2.8.jar;C:\Users\NEHA\.m2\repository\org\springframework\boot\spring-boot-starter-data-jpa\3.5.3\spring-boot-starter-data-jpa-3.5.3.jar;C:\Users\NEHA\.m2\repository\org\springframework\boot\spring-boot-starter-jdbc\3.5.3\spring-boot-starter-jdbc-3.5.3.jar;C:\Users\NEHA\.m2\repository\com\zaxxer\HikariCP\6.3.0\HikariCP-6.3.0.jar;C:\Users\NEHA\.m2\repository\org\springframework\spring-jdbc\6.2.8\spring-jdbc-6.2.8.jar;C:\Users\NEHA\.m2\repository\org\hibernate\orm\hibernate-core\6.6.18.Final\hibernate-core-6.6.18.Final.jar;C:\Users\NEHA\.m2\repository\jakarta\persistence\jakarta.persistence-api\3.1.0\jakarta.persistence-api-3.1.0.jar;C:\Users\NEHA\.m2\repository\jakarta\transaction\jakarta.transaction-api\2.0.1\jakarta.transaction-api-2.0.1.jar;C:\Users\NEHA\.m2\repository\org\jboss\logging\jboss-logging\3.6.1.Final\jboss-logging-3.6.1.Final.jar;C:\Users\NEHA\.m2\repository\org\hibernate\common\hibernate-commons-annotations\7.0.3.Final\hibernate-commons-annotations-7.0.3.Final.jar;C:\Users\NEHA\.m2\repository\io\smallrye\jandex\3.2.0\jandex-3.2.0.jar;C:\Users\NEHA\.m2\repository\com\fasterxml\classmate\1.7.0\classmate-1.7.0.jar;C:\Users\NEHA\.m2\repository\org\glassfish\jaxb\jaxb-runtime\4.0.5\jaxb-runtime-4.0.5.jar;C:\Users\NEHA\.m2\repository\org\glassfish\jaxb\jaxb-core\4.0.5\jaxb-core-4.0.5.jar;C:\Users\NEHA\.m2\repository\org\eclipse\angus\angus-activation\2.0.2\angus-activation-2.0.2.jar;C:\Users\NEHA\.m2\repository\org\glassfish\jaxb\txw2\4.0.5\txw2-4.0.5.jar;C:\Users\NEHA\.m2\repository\com\sun\istack\istack-commons-runtime\4.1.2\istack-commons-runtime-4.1.2.jar;C:\Users\NEHA\.m2\repository\jakarta\inject\jakarta.inject-api\2.0.1\jakarta.inject-api-2.0.1.jar;C:\Users\NEHA\.m2\repository\org\antlr\antlr4-runtime\4.13.0\antlr4-runtime-4.13.0.jar;C:\Users\NEHA\.m2\repository\org\springframework\data\spring-data-jpa\3.5.1\spring-data-jpa-3.5.1.jar;C:\Users\NEHA\.m2\repository\org\springframework\data\spring-data-commons\3.5.1\spring-data-commons-3.5.1.jar;C:\Users\NEHA\.m2\repository\org\springframework\spring-orm\6.2.8\spring-orm-6.2.8.jar;C:\Users\NEHA\.m2\repository\org\springframework\spring-tx\6.2.8\spring-tx-6.2.8.jar;C:\Users\NEHA\.m2\repository\org\slf4j\slf4j-api\2.0.17\slf4j-api-2.0.17.jar;C:\Users\NEHA\.m2\repository\org\springframework\spring-aspects\6.2.8\spring-aspects-6.2.8.jar;C:\Users\NEHA\.m2\repository\org\aspectj\aspectjweaver\1.9.24\aspectjweaver-1.9.24.jar;C:\Users\NEHA\.m2\repository\org\springframework\boot\spring-boot-starter-validation\3.5.3\spring-boot-starter-validation-3.5.3.jar;C:\Users\NEHA\.m2\repository\org\apache\tomcat\embed\tomcat-embed-el\10.1.42\tomcat-embed-el-10.1.42.jar;C:\Users\NEHA\.m2\repository\org\hibernate\validator\hibernate-validator\8.0.2.Final\hibernate-validator-8.0.2.Final.jar;C:\Users\NEHA\.m2\repository\jakarta\validation\jakarta.validation-api\3.0.2\jakarta.validation-api-3.0.2.jar;C:\Users\NEHA\.m2\repository\org\springframework\boot\spring-boot-starter-security\3.5.3\spring-boot-starter-security-3.5.3.jar;C:\Users\NEHA\.m2\repository\org\springframework\spring-aop\6.2.8\spring-aop-6.2.8.jar;C:\Users\NEHA\.m2\repository\org\springframework\security\spring-security-config\6.5.1\spring-security-config-6.5.1.jar;C:\Users\NEHA\.m2\repository\org\springframework\security\spring-security-core\6.5.1\spring-security-core-6.5.1.jar;C:\Users\NEHA\.m2\repository\org\springframework\security\spring-security-web\6.5.1\spring-security-web-6.5.1.jar;C:\Users\NEHA\.m2\repository\org\springframework\cloud\spring-cloud-starter-netflix-eureka-client\4.3.0\spring-cloud-starter-netflix-eureka-client-4.3.0.jar;C:\Users\NEHA\.m2\repository\org\springframework\cloud\spring-cloud-starter\4.3.0\spring-cloud-starter-4.3.0.jar;C:\Users\NEHA\.m2\repository\org\springframework\cloud\spring-cloud-context\4.3.0\spring-cloud-context-4.3.0.jar;C:\Users\NEHA\.m2\repository\org\bouncycastle\bcprov-jdk18on\1.80\bcprov-jdk18on-1.80.jar;C:\Users\NEHA\.m2\repository\org\springframework\cloud\spring-cloud-netflix-eureka-client\4.3.0\spring-cloud-netflix-eureka-client-4.3.0.jar;C:\Users\NEHA\.m2\repository\org\apache\httpcomponents\client5\httpclient5\5.5\httpclient5-5.5.jar;C:\Users\NEHA\.m2\repository\org\apache\httpcomponents\core5\httpcore5\5.3.4\httpcore5-5.3.4.jar;C:\Users\NEHA\.m2\repository\org\apache\httpcomponents\core5\httpcore5-h2\5.3.4\httpcore5-h2-5.3.4.jar;C:\Users\NEHA\.m2\repository\com\netflix\eureka\eureka-client\2.0.4\eureka-client-2.0.4.jar;C:\Users\NEHA\.m2\repository\com\thoughtworks\xstream\xstream\1.4.20\xstream-1.4.20.jar;C:\Users\NEHA\.m2\repository\io\github\x-stream\mxparser\1.2.2\mxparser-1.2.2.jar;C:\Users\NEHA\.m2\repository\xmlpull\xmlpull\1.1.3.1\xmlpull-1.1.3.1.jar;C:\Users\NEHA\.m2\repository\jakarta\ws\rs\jakarta.ws.rs-api\3.1.0\jakarta.ws.rs-api-3.1.0.jar;C:\Users\NEHA\.m2\repository\com\netflix\spectator\spectator-api\1.7.3\spectator-api-1.7.3.jar;C:\Users\NEHA\.m2\repository\org\apache\httpcomponents\httpclient\4.5.3\httpclient-4.5.3.jar;C:\Users\NEHA\.m2\repository\org\apache\httpcomponents\httpcore\4.4.16\httpcore-4.4.16.jar;C:\Users\NEHA\.m2\repository\commons-codec\commons-codec\1.18.0\commons-codec-1.18.0.jar;C:\Users\NEHA\.m2\repository\commons-configuration\commons-configuration\1.10\commons-configuration-1.10.jar;C:\Users\NEHA\.m2\repository\commons-lang\commons-lang\2.6\commons-lang-2.6.jar;C:\Users\NEHA\.m2\repository\com\fasterxml\jackson\core\jackson-annotations\2.19.1\jackson-annotations-2.19.1.jar;C:\Users\NEHA\.m2\repository\com\fasterxml\jackson\core\jackson-core\2.19.1\jackson-core-2.19.1.jar;C:\Users\NEHA\.m2\repository\com\netflix\netflix-commons\netflix-eventbus\0.3.0\netflix-eventbus-0.3.0.jar;C:\Users\NEHA\.m2\repository\com\netflix\netflix-commons\netflix-infix\0.3.0\netflix-infix-0.3.0.jar;C:\Users\NEHA\.m2\repository\commons-jxpath\commons-jxpath\1.3\commons-jxpath-1.3.jar;C:\Users\NEHA\.m2\repository\joda-time\joda-time\2.3\joda-time-2.3.jar;C:\Users\NEHA\.m2\repository\org\antlr\antlr-runtime\3.4\antlr-runtime-3.4.jar;C:\Users\NEHA\.m2\repository\org\antlr\stringtemplate\3.2.1\stringtemplate-3.2.1.jar;C:\Users\NEHA\.m2\repository\antlr\antlr\2.7.7\antlr-2.7.7.jar;C:\Users\NEHA\.m2\repository\com\google\guava\guava\14.0.1\guava-14.0.1.jar;C:\Users\NEHA\.m2\repository\com\google\code\gson\gson\2.13.1\gson-2.13.1.jar;C:\Users\NEHA\.m2\repository\com\google\errorprone\error_prone_annotations\2.38.0\error_prone_annotations-2.38.0.jar;C:\Users\NEHA\.m2\repository\com\netflix\servo\servo-core\0.5.3\servo-core-0.5.3.jar;C:\Users\NEHA\.m2\repository\org\apache\commons\commons-math\2.2\commons-math-2.2.jar;C:\Users\NEHA\.m2\repository\javax\annotation\javax.annotation-api\1.2\javax.annotation-api-1.2.jar;C:\Users\NEHA\.m2\repository\org\codehaus\jettison\jettison\1.5.4\jettison-1.5.4.jar;C:\Users\NEHA\.m2\repository\org\springframework\cloud\spring-cloud-starter-loadbalancer\4.3.0\spring-cloud-starter-loadbalancer-4.3.0.jar;C:\Users\NEHA\.m2\repository\org\springframework\cloud\spring-cloud-loadbalancer\4.3.0\spring-cloud-loadbalancer-4.3.0.jar;C:\Users\NEHA\.m2\repository\io\projectreactor\reactor-core\3.7.7\reactor-core-3.7.7.jar;C:\Users\NEHA\.m2\repository\org\reactivestreams\reactive-streams\1.0.4\reactive-streams-1.0.4.jar;C:\Users\NEHA\.m2\repository\io\projectreactor\addons\reactor-extra\3.5.2\reactor-extra-3.5.2.jar;C:\Users\NEHA\.m2\repository\org\springframework\boot\spring-boot-starter-cache\3.5.3\spring-boot-starter-cache-3.5.3.jar;C:\Users\NEHA\.m2\repository\org\springframework\spring-context-support\6.2.8\spring-context-support-6.2.8.jar;C:\Users\NEHA\.m2\repository\com\stoyanr\evictor\1.0.0\evictor-1.0.0.jar;C:\Users\NEHA\.m2\repository\org\springframework\cloud\spring-cloud-starter-openfeign\4.3.0\spring-cloud-starter-openfeign-4.3.0.jar;C:\Users\NEHA\.m2\repository\org\springframework\cloud\spring-cloud-openfeign-core\4.3.0\spring-cloud-openfeign-core-4.3.0.jar;C:\Users\NEHA\.m2\repository\io\github\openfeign\feign-form-spring\13.6\feign-form-spring-13.6.jar;C:\Users\NEHA\.m2\repository\org\apache\commons\commons-text\1.13.0\commons-text-1.13.0.jar;C:\Users\NEHA\.m2\repository\org\apache\commons\commons-lang3\3.17.0\commons-lang3-3.17.0.jar;C:\Users\NEHA\.m2\repository\io\github\openfeign\feign-form\13.6\feign-form-13.6.jar;C:\Users\NEHA\.m2\repository\commons-fileupload\commons-fileupload\1.5\commons-fileupload-1.5.jar;C:\Users\NEHA\.m2\repository\org\springframework\cloud\spring-cloud-commons\4.3.0\spring-cloud-commons-4.3.0.jar;C:\Users\NEHA\.m2\repository\org\springframework\security\spring-security-crypto\6.5.1\spring-security-crypto-6.5.1.jar;C:\Users\NEHA\.m2\repository\io\github\openfeign\feign-core\13.6\feign-core-13.6.jar;C:\Users\NEHA\.m2\repository\io\github\openfeign\feign-slf4j\13.6\feign-slf4j-13.6.jar;C:\Users\NEHA\.m2\repository\org\postgresql\postgresql\42.7.7\postgresql-42.7.7.jar;C:\Users\NEHA\.m2\repository\org\checkerframework\checker-qual\3.49.3\checker-qual-3.49.3.jar;C:\Users\NEHA\.m2\repository\org\projectlombok\lombok\1.18.38\lombok-1.18.38.jar;C:\Users\NEHA\.m2\repository\jakarta\xml\bind\jakarta.xml.bind-api\4.0.2\jakarta.xml.bind-api-4.0.2.jar;C:\Users\NEHA\.m2\repository\jakarta\activation\jakarta.activation-api\2.1.3\jakarta.activation-api-2.1.3.jar;C:\Users\NEHA\.m2\repository\org\springframework\spring-core\6.2.8\spring-core-6.2.8.jar;C:\Users\NEHA\.m2\repository\org\springframework\spring-jcl\6.2.8\spring-jcl-6.2.8.jar;C:\Users\NEHA\.m2\repository\net\bytebuddy\byte-buddy\1.17.6\byte-buddy-1.17.6.jar
Launcher Type: SUN_STANDARD

[Global flags]
     intx CICompilerCount                          = 4                                         {product} {ergonomic}
     uint ConcGCThreads                            = 2                                         {product} {ergonomic}
     uint G1ConcRefinementThreads                  = 8                                         {product} {ergonomic}
   size_t G1HeapRegionSize                         = 1048576                                   {product} {ergonomic}
    uintx GCDrainStackTargetSize                   = 64                                        {product} {ergonomic}
   size_t InitialHeapSize                          = 130023424                                 {product} {ergonomic}
     bool ManagementServer                         = true                                      {product} {command line}
   size_t MarkStackSize                            = 4194304                                   {product} {ergonomic}
   size_t MaxHeapSize                              = 2076180480                                {product} {ergonomic}
   size_t MaxNewSize                               = 1245708288                                {product} {ergonomic}
   size_t MinHeapDeltaBytes                        = 1048576                                   {product} {ergonomic}
   size_t MinHeapSize                              = 8388608                                   {product} {ergonomic}
    uintx NonNMethodCodeHeapSize                   = 4096                                   {pd product} {ergonomic}
    uintx NonProfiledCodeHeapSize                  = 0                                      {pd product} {ergonomic}
     bool ProfileInterpreter                       = false                                  {pd product} {command line}
    uintx ProfiledCodeHeapSize                     = 0                                      {pd product} {ergonomic}
     bool ShowCodeDetailsInExceptionMessages       = true                                   {manageable} {command line}
   size_t SoftMaxHeapSize                          = 2076180480                             {manageable} {ergonomic}
     intx TieredStopAtLevel                        = 1                                         {product} {command line}
     bool UseCompressedOops                        = true                           {product lp64_product} {ergonomic}
     bool UseG1GC                                  = true                                      {product} {ergonomic}
     bool UseLargePagesIndividualAllocation        = false                                  {pd product} {ergonomic}

Logging:
Log output configuration:
 #0: stdout all=warning uptime,level,tags foldmultilines=false
 #1: stderr all=off uptime,level,tags foldmultilines=false

Release file:
JAVA_VERSION="21.0.9" 
MODULES="java.base java.compiler java.datatransfer java.xml java.prefs java.desktop java.instrument java.logging java.management java.security.sasl java.naming java.rmi java.management.rmi java.net.http java.scripting java.security.jgss java.transaction.xa java.sql java.sql.rowset java.xml.crypto java.se java.smartcardio jdk.accessibility jdk.internal.jvmstat jdk.attach jdk.charsets jdk.internal.opt jdk.zipfs jdk.compiler jdk.crypto.ec jdk.crypto.cryptoki jdk.crypto.mscapi jdk.dynalink jdk.internal.ed jdk.editpad jdk.hotspot.agent jdk.httpserver jdk.internal.le jdk.internal.vm.ci jdk.internal.vm.compiler jdk.internal.vm.compiler.management jdk.jartool jdk.javadoc jdk.jcmd jdk.management jdk.management.agent jdk.jconsole jdk.jdeps jdk.jdwp.agent jdk.jdi jdk.jfr jdk.jshell jdk.jsobject jdk.jstatd jdk.localedata jdk.management.jfr jdk.naming.dns jdk.naming.rmi jdk.net jdk.nio.mapmode jdk.random jdk.sctp jdk.security.auth jdk.security.jgss jdk.unsupported jdk.unsupported.desktop jdk.xml.dom" 

Environment Variables:
JAVA_HOME=C:\Program Files\Eclipse Adoptium\jdk-17
PATH=C:/Users/NEHA/.p2/pool/plugins/org.eclipse.justj.openjdk.hotspot.jre.full.win32.x86_64_21.0.9.v20251105-0741/jre/bin/server;C:/Users/NEHA/.p2/pool/plugins/org.eclipse.justj.openjdk.hotspot.jre.full.win32.x86_64_21.0.9.v20251105-0741/jre/bin;C:\Program Files\Eclipse Adoptium\jdk-17\bin;C:\Windows\system32;C:\Windows;C:\Windows\System32\Wbem;C:\Windows\System32\WindowsPowerShell\v1.0\;C:\Windows\System32\OpenSSH\;C:\WINDOWS\system32;C:\WINDOWS;C:\WINDOWS\System32\Wbem;C:\WINDOWS\System32\WindowsPowerShell\v1.0\;C:\WINDOWS\System32\OpenSSH\;C:\Program Files\Eclipse Adoptium\jdk-17\bin;C:\Program Files\Redis\;C:\Program Files\Git\cmd;C:\Program Files\MySQL\MySQL Shell 8.0\bin\;C:\Users\NEHA\AppData\Local\Microsoft\WindowsApps;C:\Users\NEHA\AppData\Local\Programs\Microsoft VS Code\bin;C:\Users\NEHA\OneDrive\Desktop;
USERNAME=NEHA
OS=Windows_NT
PROCESSOR_IDENTIFIER=Intel64 Family 6 Model 140 Stepping 1, GenuineIntel
TMP=C:\Users\NEHA\AppData\Local\Temp
TEMP=C:\Users\NEHA\AppData\Local\Temp




Periodic native trim disabled

---------------  S Y S T E M  ---------------

OS:
 Windows 11 , 64 bit Build 26100 (10.0.26100.8972)
OS uptime: 0 days 4:04 hours

CPU: total 8 (initial active 8) (4 cores per cpu, 2 threads per core) family 6 model 140 stepping 1 microcode 0xbe, cx8, cmov, fxsr, ht, mmx, 3dnowpref, sse, sse2, sse3, ssse3, sse4.1, sse4.2, popcnt, lzcnt, tsc, tscinvbit, avx, avx2, aes, erms, clmul, bmi1, bmi2, adx, avx512f, avx512dq, avx512cd, avx512bw, avx512vl, sha, fma, vzeroupper, avx512_vpopcntdq, avx512_vpclmulqdq, avx512_vaes, avx512_vnni, clflush, clflushopt, clwb, avx512_vbmi2, avx512_vbmi, rdtscp, rdpid, fsrm, gfni, avx512_bitalg, f16c, pku, cet_ibt, cet_ss, avx512_ifma
Processor Information for the first 8 processors :
  Max Mhz: 2419, Current Mhz: 2419, Mhz Limit: 2419

Memory: 4k page, system-wide physical 7914M (454M free)
TotalPageFile size 14633M (AvailPageFile size 3M)
current process WorkingSet (physical memory assigned to process): 125M, peak: 125M
current process commit charge ("private bytes"): 237M, peak: 237M

vm_info: OpenJDK 64-Bit Server VM (21.0.9+10-LTS) for windows-amd64 JRE (21.0.9+10-LTS), built on 2025-10-21T00:00:00Z by "admin" with unknown MS VC++:1942

END.
